timestamp,datetime_utc,open,high,low,close,volume
1772442000000,2026-03-02 09:00,0.0005,0.00885,0.0005,0.008266,15692395.82
1772443800000,2026-03-02 09:30,0.008266,0.00846,0.007724,0.008229,4720312.11
1772445600000,2026-03-02 10:00,0.008229,0.00829,0.007889,0.00809,1548902.48
1772447400000,2026-03-02 10:30,0.00809,0.008147,0.007893,0.00791,1291497.76
1772449200000,2026-03-02 11:00,0.00791,0.008093,0.00791,0.008093,1267241.81
1772451000000,2026-03-02 11:30,0.008093,0.008098,0.007701,0.007781,1867186.39
1772452800000,2026-03-02 12:00,0.007781,0.008238,0.00771,0.008075,2011905.14
1772454600000,2026-03-02 12:30,0.008075,0.008199,0.008031,0.008124,739213.79
1772456400000,2026-03-02 13:00,0.008124,0.008668,0.00787,0.008323,2695436.06
1772458200000,2026-03-02 13:30,0.008323,0.00863,0.00776,0.00839,3341295.95
1772460000000,2026-03-02 14:00,0.00839,0.0084,0.008106,0.008303,1053265.1
1772461800000,2026-03-02 14:30,0.008303,0.008499,0.008205,0.008299,1376352.58
1772463600000,2026-03-02 15:00,0.008299,0.008463,0.00823,0.008438,793518.59
1772465400000,2026-03-02 15:30,0.008438,0.008664,0.00825,0.008594,870321.82
1772467200000,2026-03-02 16:00,0.008594,0.00866,0.008305,0.008305,1295937.09
1772469000000,2026-03-02 16:30,0.008305,0.008354,0.00751,0.008199,1407168.53
1772470800000,2026-03-02 17:00,0.008199,0.008388,0.00803,0.00803,682615.48
1772472600000,2026-03-02 17:30,0.00803,0.008333,0.00801,0.008227,588886.02
1772474400000,2026-03-02 18:00,0.008227,0.00828,0.00802,0.008073,396282.32
1772476200000,2026-03-02 18:30,0.008073,0.0081,0.008039,0.008047,205957.99
1772478000000,2026-03-02 19:00,0.008047,0.0081,0.008,0.00801,275983.03
1772479800000,2026-03-02 19:30,0.00801,0.008098,0.008009,0.008098,231094.43
1772481600000,2026-03-02 20:00,0.008098,0.008098,0.008,0.008071,174869.51
1772483400000,2026-03-02 20:30,0.008071,0.008102,0.008,0.008094,381820.18
1772485200000,2026-03-02 21:00,0.008094,0.008281,0.008094,0.008212,669432.47
1772487000000,2026-03-02 21:30,0.008212,0.008288,0.00808,0.008153,192728.7
1772488800000,2026-03-02 22:00,0.008153,0.008345,0.008153,0.008324,339021.35
1772490600000,2026-03-02 22:30,0.008324,0.008334,0.0081,0.008273,314197.82
1772492400000,2026-03-02 23:00,0.008273,0.008576,0.008265,0.00834,553657.8
1772494200000,2026-03-02 23:30,0.00834,0.008393,0.008122,0.008208,288811.31
1772496000000,2026-03-03 00:00,0.008208,0.008334,0.008191,0.008334,197018.61
1772497800000,2026-03-03 00:30,0.008334,0.008338,0.008249,0.008315,323871.44
1772499600000,2026-03-03 01:00,0.008315,0.008456,0.008315,0.008406,595809.31
1772501400000,2026-03-03 01:30,0.008406,0.008458,0.008266,0.008375,282255.7
1772503200000,2026-03-03 02:00,0.008375,0.008698,0.008308,0.008528,954489.32
1772505000000,2026-03-03 02:30,0.008528,0.008599,0.008401,0.008583,455060.43
1772506800000,2026-03-03 03:00,0.008583,0.00888,0.008583,0.008714,1765499.72
1772508600000,2026-03-03 03:30,0.008714,0.009046,0.008669,0.008948,1330272.28
1772510400000,2026-03-03 04:00,0.008948,0.009099,0.008575,0.008793,2125273.2
1772512200000,2026-03-03 04:30,0.008793,0.009034,0.008744,0.00892,495488.44
1772514000000,2026-03-03 05:00,0.00892,0.009139,0.008535,0.008535,1350579.23
1772515800000,2026-03-03 05:30,0.008535,0.008872,0.0085,0.008709,996689.98
1772517600000,2026-03-03 06:00,0.008709,0.00895,0.008709,0.008812,1066359.51
1772519400000,2026-03-03 06:30,0.008812,0.008989,0.008626,0.008626,760454.45
1772521200000,2026-03-03 07:00,0.008626,0.00874,0.0086,0.00868,360401.63
1772523000000,2026-03-03 07:30,0.00868,0.008947,0.008641,0.008899,397177.53
1772524800000,2026-03-03 08:00,0.008899,0.009302,0.008819,0.009093,7691459.53
1772526600000,2026-03-03 08:30,0.009093,0.009198,0.0089,0.009099,2055592.87
1772528400000,2026-03-03 09:00,0.009099,0.009191,0.00901,0.009066,3543458.66
1772530200000,2026-03-03 09:30,0.009066,0.0093,0.009049,0.009195,6073858.82
1772532000000,2026-03-03 10:00,0.009195,0.009703,0.009019,0.009437,12019443.75
1772533800000,2026-03-03 10:30,0.009437,0.009863,0.009182,0.009811,7348360.23
1772535600000,2026-03-03 11:00,0.009811,0.01112,0.009693,0.010738,14284472.43
1772537400000,2026-03-03 11:30,0.010738,0.0111,0.009626,0.010026,4882546.27
1772539200000,2026-03-03 12:00,0.010026,0.010257,0.0093,0.009582,1767710.34
1772541000000,2026-03-03 12:30,0.009582,0.009913,0.009534,0.009609,801555.24
1772542800000,2026-03-03 13:00,0.009609,0.009788,0.00945,0.00966,855433.47
1772544600000,2026-03-03 13:30,0.00966,0.010188,0.009658,0.010068,1724967.19
1772546400000,2026-03-03 14:00,0.010068,0.010195,0.009207,0.009353,1490290.47
1772548200000,2026-03-03 14:30,0.009353,0.009507,0.008837,0.009136,2159819.73
1772550000000,2026-03-03 15:00,0.009136,0.009399,0.009122,0.009399,670018.26
1772551800000,2026-03-03 15:30,0.009399,0.009694,0.009286,0.009393,540441.99
1772553600000,2026-03-03 16:00,0.009393,0.009828,0.009393,0.009756,522457.94
1772555400000,2026-03-03 16:30,0.009756,0.010369,0.009688,0.01005,4302943.82
1772557200000,2026-03-03 17:00,0.01005,0.0103,0.009899,0.010091,1041628.96
1772559000000,2026-03-03 17:30,0.010091,0.010407,0.009955,0.010296,828713.55
1772560800000,2026-03-03 18:00,0.010296,0.010319,0.009653,0.010211,1184305.34
1772562600000,2026-03-03 18:30,0.010211,0.010569,0.010127,0.010485,651592.62
1772564400000,2026-03-03 19:00,0.010485,0.010673,0.010034,0.010111,781645.73
1772566200000,2026-03-03 19:30,0.010111,0.010407,0.010013,0.010277,358310.75
1772568000000,2026-03-03 20:00,0.010277,0.010348,0.01008,0.01011,370327.7
1772569800000,2026-03-03 20:30,0.01011,0.010212,0.010056,0.010173,365789.75
1772571600000,2026-03-03 21:00,0.010173,0.010589,0.01002,0.010467,2435559.97
1772573400000,2026-03-03 21:30,0.010467,0.010619,0.010355,0.010371,345648.25
1772575200000,2026-03-03 22:00,0.010371,0.010866,0.010355,0.010658,775589.68
1772577000000,2026-03-03 22:30,0.010658,0.010919,0.010326,0.010827,466736.86
1772578800000,2026-03-03 23:00,0.010827,0.010849,0.010267,0.010337,482835.15
1772580600000,2026-03-03 23:30,0.010337,0.010654,0.010337,0.010529,327633.55
1772582400000,2026-03-04 00:00,0.010529,0.010899,0.010465,0.010675,1962478.72
1772584200000,2026-03-04 00:30,0.010675,0.01119,0.010675,0.011156,567342.87
1772586000000,2026-03-04 01:00,0.011156,0.011156,0.010833,0.010937,671301.67
1772587800000,2026-03-04 01:30,0.010937,0.010983,0.010532,0.010884,554550.57
1772589600000,2026-03-04 02:00,0.010884,0.011018,0.0107,0.010853,329984.76
1772591400000,2026-03-04 02:30,0.010853,0.011003,0.010744,0.010879,235927.2
1772593200000,2026-03-04 03:00,0.010879,0.011,0.010845,0.010845,146909.55
1772595000000,2026-03-04 03:30,0.010845,0.010982,0.010765,0.010822,275093.65
1772596800000,2026-03-04 04:00,0.010822,0.010822,0.01068,0.0108,689506.97
1772598600000,2026-03-04 04:30,0.0108,0.01081,0.0107,0.010727,225547.93
1772600400000,2026-03-04 05:00,0.010727,0.01073,0.010368,0.010573,1351970.76
1772602200000,2026-03-04 05:30,0.010573,0.010573,0.010316,0.010467,861146.65
1772604000000,2026-03-04 06:00,0.010467,0.01056,0.010354,0.010437,566377.06
1772605800000,2026-03-04 06:30,0.010437,0.010708,0.010426,0.010577,461426.1
1772607600000,2026-03-04 07:00,0.010577,0.01065,0.010489,0.010596,230811.93
1772609400000,2026-03-04 07:30,0.010596,0.010726,0.0105,0.010726,405462.88
1772611200000,2026-03-04 08:00,0.010726,0.010833,0.010581,0.010757,1015467.69
1772613000000,2026-03-04 08:30,0.010757,0.010801,0.010571,0.010677,624433.62
1772614800000,2026-03-04 09:00,0.010677,0.010835,0.010562,0.010732,456083.56
1772616600000,2026-03-04 09:30,0.010732,0.010867,0.010669,0.01076,471945.46
1772618400000,2026-03-04 10:00,0.01076,0.010866,0.010629,0.010667,660881.06
1772620200000,2026-03-04 10:30,0.010667,0.010842,0.010644,0.010833,481365.84
1772622000000,2026-03-04 11:00,0.010833,0.010901,0.010688,0.01076,70179601.65
1772623800000,2026-03-04 11:30,0.01076,0.010817,0.010658,0.010743,239319213.12
1772625600000,2026-03-04 12:00,0.010743,0.010794,0.010644,0.01075,117120215.76
1772627400000,2026-03-04 12:30,0.01075,0.01079,0.010691,0.010748,176358068.73
1772629200000,2026-03-04 13:00,0.010748,0.010814,0.010687,0.01074,136184553.08
1772631000000,2026-03-04 13:30,0.01074,0.010783,0.01072,0.010778,315831016.49
1772632800000,2026-03-04 14:00,0.010778,0.010806,0.010661,0.010752,208842599.88
1772634600000,2026-03-04 14:30,0.010752,0.010923,0.01075,0.010869,3913081.07
1772636400000,2026-03-04 15:00,0.010869,0.010906,0.010774,0.010781,192728677.41
1772638200000,2026-03-04 15:30,0.010781,0.010884,0.01074,0.010804,77752463.4
1772640000000,2026-03-04 16:00,0.010804,0.010888,0.010787,0.010835,702250.92
1772641800000,2026-03-04 16:30,0.010835,0.010886,0.010709,0.010816,205326187.67
1772643600000,2026-03-04 17:00,0.010816,0.01117,0.010738,0.010894,156042177.34
1772645400000,2026-03-04 17:30,0.010894,0.010985,0.010823,0.01098,17279581.33
1772647200000,2026-03-04 18:00,0.01098,0.011056,0.010913,0.011036,94717092.74
1772649000000,2026-03-04 18:30,0.011036,0.011113,0.010967,0.01108,70687574.0
1772650800000,2026-03-04 19:00,0.01108,0.011089,0.010983,0.011025,217984553.81
1772652600000,2026-03-04 19:30,0.011025,0.011124,0.010963,0.01109,20117526.98
1772654400000,2026-03-04 20:00,0.01109,0.0111,0.011003,0.011066,64312869.82
1772656200000,2026-03-04 20:30,0.011066,0.011207,0.011012,0.011134,74520205.6
1772658000000,2026-03-04 21:00,0.011134,0.011182,0.010945,0.011182,690539.44
1772659800000,2026-03-04 21:30,0.011182,0.011182,0.010947,0.011023,50278742.96
1772661600000,2026-03-04 22:00,0.011023,0.011057,0.010897,0.011028,79970958.64
1772663400000,2026-03-04 22:30,0.011028,0.011092,0.010903,0.010973,93913058.08
1772665200000,2026-03-04 23:00,0.010973,0.011211,0.010949,0.01104,350807072.84
1772667000000,2026-03-04 23:30,0.01104,0.011098,0.010961,0.011069,589644001.08
1772668800000,2026-03-05 00:00,0.011069,0.01115,0.010969,0.011082,248207874.22
1772670600000,2026-03-05 00:30,0.011082,0.01135,0.011028,0.011282,414890755.99
1772672400000,2026-03-05 01:00,0.011282,0.01155,0.011195,0.01126,34138754.56
1772674200000,2026-03-05 01:30,0.01126,0.011293,0.01123,0.011293,80663250.34
1772676000000,2026-03-05 02:00,0.011293,0.011454,0.011264,0.011324,57976183.22
1772677800000,2026-03-05 02:30,0.011324,0.01148,0.011105,0.01135,41826284.12
1772679600000,2026-03-05 03:00,0.01135,0.011424,0.011313,0.011395,71863734.2
1772681400000,2026-03-05 03:30,0.011395,0.011496,0.011368,0.011478,45814521.98
1772683200000,2026-03-05 04:00,0.011478,0.011586,0.011363,0.011484,16636078.88
1772685000000,2026-03-05 04:30,0.011484,0.011621,0.011384,0.011549,690841.26
1772686800000,2026-03-05 05:00,0.011549,0.01163,0.011515,0.011607,43156846.52
1772688600000,2026-03-05 05:30,0.011607,0.011695,0.011556,0.011692,47222507.37
1772690400000,2026-03-05 06:00,0.011692,0.011988,0.011673,0.011882,64338411.13
1772692200000,2026-03-05 06:30,0.011882,0.012281,0.011825,0.012233,40328794.75
1772694000000,2026-03-05 07:00,0.012233,0.012243,0.0118,0.011909,31931922.66
1772695800000,2026-03-05 07:30,0.011909,0.012188,0.011808,0.012153,16856489.28
1772697600000,2026-03-05 08:00,0.012153,0.0125,0.012101,0.012467,5859489.38
1772699400000,2026-03-05 08:30,0.012467,0.012676,0.012343,0.012541,27290770.7
1772701200000,2026-03-05 09:00,0.012541,0.013021,0.012332,0.012668,34336088.92
1772703000000,2026-03-05 09:30,0.012668,0.013205,0.012652,0.012954,2171640.56
1772704800000,2026-03-05 10:00,0.012954,0.013793,0.012281,0.012352,3571812.13
1772706600000,2026-03-05 10:30,0.012352,0.012915,0.012223,0.012361,2667228.53
1772708400000,2026-03-05 11:00,0.012361,0.012587,0.011965,0.01214,5026941.75
1772710200000,2026-03-05 11:30,0.01214,0.012381,0.011953,0.012296,1641017.3
1772712000000,2026-03-05 12:00,0.012296,0.012493,0.01211,0.012401,1229646.14
1772713800000,2026-03-05 12:30,0.012401,0.012779,0.01239,0.012779,1255145.99
1772715600000,2026-03-05 13:00,0.012779,0.012999,0.012438,0.012934,1840229.25
1772717400000,2026-03-05 13:30,0.012934,0.013135,0.012643,0.012856,1611199.94
1772719200000,2026-03-05 14:00,0.012856,0.013251,0.012832,0.013071,49032814.06
1772721000000,2026-03-05 14:30,0.013071,0.013147,0.012252,0.012456,40556723.56
1772722800000,2026-03-05 15:00,0.012456,0.0135,0.012322,0.012522,54805301.87
1772724600000,2026-03-05 15:30,0.012522,0.012589,0.01228,0.012349,21179347.88
1772726400000,2026-03-05 16:00,0.012349,0.012582,0.012257,0.012415,4330772.46
1772728200000,2026-03-05 16:30,0.012415,0.012582,0.012218,0.012372,2459822.49
1772730000000,2026-03-05 17:00,0.012372,0.01249,0.012312,0.012342,4329229.23
1772731800000,2026-03-05 17:30,0.012342,0.012715,0.012342,0.012669,1424346.94
1772733600000,2026-03-05 18:00,0.012669,0.01304,0.01256,0.012561,1032825.38
1772735400000,2026-03-05 18:30,0.012561,0.013169,0.01244,0.01313,65705687.7
1772737200000,2026-03-05 19:00,0.01313,0.013249,0.012801,0.01289,181432352.73
1772739000000,2026-03-05 19:30,0.01289,0.013158,0.012555,0.013067,83685687.2
1772740800000,2026-03-05 20:00,0.013067,0.013239,0.012948,0.013091,55078831.5
1772742600000,2026-03-05 20:30,0.013091,0.013235,0.013037,0.013159,147826130.93
1772744400000,2026-03-05 21:00,0.013159,0.01328,0.013077,0.0132,166964067.67
1772746200000,2026-03-05 21:30,0.0132,0.013391,0.01302,0.013045,287548441.37
1772748000000,2026-03-05 22:00,0.013045,0.013045,0.012325,0.01244,67871201.16
1772749800000,2026-03-05 22:30,0.01244,0.012711,0.012329,0.012425,3870023.69
1772751600000,2026-03-05 23:00,0.012425,0.012529,0.012322,0.012438,31889607.45
1772753400000,2026-03-05 23:30,0.012438,0.012799,0.012383,0.0126,112431755.51
1772755200000,2026-03-06 00:00,0.0126,0.012613,0.012205,0.01222,55820956.97
1772757000000,2026-03-06 00:30,0.01222,0.012343,0.012069,0.012201,123719721.11
1772758800000,2026-03-06 01:00,0.012201,0.01246,0.0122,0.012391,7568017.79
1772760600000,2026-03-06 01:30,0.012391,0.012567,0.012303,0.012446,26069192.82
1772762400000,2026-03-06 02:00,0.012446,0.012515,0.012319,0.012348,30632015.62
1772764200000,2026-03-06 02:30,0.012348,0.01262,0.012295,0.012295,23202951.96
1772766000000,2026-03-06 03:00,0.012295,0.012647,0.012295,0.01255,28712013.37
1772767800000,2026-03-06 03:30,0.01255,0.012648,0.01246,0.012575,133315467.11
1772769600000,2026-03-06 04:00,0.012575,0.012621,0.012477,0.01258,59130035.56
1772771400000,2026-03-06 04:30,0.01258,0.012648,0.012509,0.012582,48716018.39
1772773200000,2026-03-06 05:00,0.012582,0.012763,0.012484,0.01272,1796369.59
1772775000000,2026-03-06 05:30,0.01272,0.01285,0.012615,0.012826,735848.42
1772776800000,2026-03-06 06:00,0.012826,0.01285,0.01259,0.012653,966275.57
1772778600000,2026-03-06 06:30,0.012653,0.012739,0.01237,0.01257,1574111.42
1772780400000,2026-03-06 07:00,0.01257,0.012783,0.012484,0.012561,17615329.3
1772782200000,2026-03-06 07:30,0.012561,0.012561,0.01228,0.01228,287070.54
1772784000000,2026-03-06 08:00,0.01228,0.012555,0.012252,0.012393,1006640.62
1772785800000,2026-03-06 08:30,0.012393,0.012551,0.012299,0.012443,630294.93
1772787600000,2026-03-06 09:00,0.012443,0.012499,0.01232,0.012376,129729319.95
1772789400000,2026-03-06 09:30,0.012376,0.012472,0.012292,0.012337,524094355.17
1772791200000,2026-03-06 10:00,0.012337,0.012427,0.012275,0.012391,13594663.21
1772793000000,2026-03-06 10:30,0.012391,0.012499,0.012316,0.0124,45439707.93
1772794800000,2026-03-06 11:00,0.0124,0.012474,0.012253,0.0124,46065200.17
1772796600000,2026-03-06 11:30,0.0124,0.012564,0.012387,0.012472,556487849.1
1772798400000,2026-03-06 12:00,0.012472,0.012575,0.012333,0.01243,233418522.43
1772800200000,2026-03-06 12:30,0.01243,0.012539,0.012352,0.012417,115821505.28
1772802000000,2026-03-06 13:00,0.012417,0.012498,0.01232,0.012458,3491290.93
1772803800000,2026-03-06 13:30,0.012458,0.012516,0.012365,0.012413,52189326.72
1772805600000,2026-03-06 14:00,0.012413,0.012602,0.012365,0.012601,2267234.54
1772807400000,2026-03-06 14:30,0.012601,0.012627,0.012446,0.01251,585026847.87
1772809200000,2026-03-06 15:00,0.01251,0.012522,0.012344,0.012419,404241126.33
1772811000000,2026-03-06 15:30,0.012419,0.01258,0.012398,0.012447,242418074.98
1772812800000,2026-03-06 16:00,0.012447,0.012599,0.012402,0.012511,449325.71
1772814600000,2026-03-06 16:30,0.012511,0.012595,0.012442,0.012442,967346.03
1772816400000,2026-03-06 17:00,0.012442,0.0126,0.012418,0.012509,52829191.51
1772818200000,2026-03-06 17:30,0.012509,0.012561,0.012344,0.012397,128087429.8
1772820000000,2026-03-06 18:00,0.012397,0.012499,0.012345,0.012345,139287800.57
1772821800000,2026-03-06 18:30,0.012345,0.01253,0.012218,0.012407,48093600.31
1772823600000,2026-03-06 19:00,0.012407,0.012445,0.01232,0.01241,115926476.35
1772825400000,2026-03-06 19:30,0.01241,0.012435,0.012333,0.012424,58289166.52
1772827200000,2026-03-06 20:00,0.012424,0.01245,0.01238,0.012424,70343066.45
1772829000000,2026-03-06 20:30,0.012424,0.01245,0.012422,0.012425,87310686.31
1772830800000,2026-03-06 21:00,0.012425,0.012437,0.012349,0.012358,260651857.61
1772832600000,2026-03-06 21:30,0.012358,0.012451,0.01233,0.01243,262381086.68
1772834400000,2026-03-06 22:00,0.01243,0.01255,0.012297,0.012394,16112414.16
1772836200000,2026-03-06 22:30,0.012394,0.012473,0.012272,0.012396,3295768.61
1772838000000,2026-03-06 23:00,0.012396,0.012444,0.01227,0.012347,270666.47
1772839800000,2026-03-06 23:30,0.012347,0.01255,0.01229,0.012342,368439032.75
1772841600000,2026-03-07 00:00,0.012342,0.012478,0.01229,0.012453,351854261.0
1772843400000,2026-03-07 00:30,0.012453,0.012549,0.012392,0.012483,217254889.45
1772845200000,2026-03-07 01:00,0.012483,0.012581,0.0124,0.012512,98994405.52
1772847000000,2026-03-07 01:30,0.012512,0.012581,0.012455,0.012512,425265161.09
1772848800000,2026-03-07 02:00,0.012512,0.012564,0.012502,0.012512,322730630.11
1772850600000,2026-03-07 02:30,0.012512,0.012678,0.0125,0.012622,243722318.48
1772852400000,2026-03-07 03:00,0.012622,0.012726,0.012304,0.01255,171164186.06
1772854200000,2026-03-07 03:30,0.01255,0.012615,0.012494,0.01255,398108810.84
1772856000000,2026-03-07 04:00,0.01255,0.01268,0.0125,0.01255,269521333.03
1772857800000,2026-03-07 04:30,0.01255,0.01257,0.01248,0.012545,346637277.18
1772859600000,2026-03-07 05:00,0.012545,0.012772,0.012496,0.01259,269212636.44
1772861400000,2026-03-07 05:30,0.01259,0.012911,0.012468,0.012555,321519518.2
1772863200000,2026-03-07 06:00,0.012555,0.012643,0.01255,0.01259,369752843.27
1772865000000,2026-03-07 06:30,0.01259,0.0126,0.012427,0.012551,298717795.37
1772866800000,2026-03-07 07:00,0.012551,0.01257,0.01252,0.01252,524057756.64
1772868600000,2026-03-07 07:30,0.01252,0.01258,0.012426,0.012561,333865987.8
1772870400000,2026-03-07 08:00,0.012561,0.01383,0.012466,0.012564,172139148.33
1772872200000,2026-03-07 08:30,0.012564,0.01262,0.012492,0.0126,14763252.95
1772874000000,2026-03-07 09:00,0.0126,0.012658,0.012567,0.012606,10628704.17
1772875800000,2026-03-07 09:30,0.012606,0.012675,0.01256,0.01265,36358671.66
1772877600000,2026-03-07 10:00,0.01265,0.012674,0.01253,0.012565,31087305.53
1772879400000,2026-03-07 10:30,0.012565,0.01265,0.012541,0.012605,2856590.95
1772881200000,2026-03-07 11:00,0.012605,0.013026,0.012586,0.012727,692236.89
1772883000000,2026-03-07 11:30,0.012727,0.012756,0.012507,0.012633,648034491.0
1772884800000,2026-03-07 12:00,0.012633,0.012771,0.012519,0.012698,123221539.66
1772886600000,2026-03-07 12:30,0.012698,0.013012,0.011455,0.012754,224471101.89
1772888400000,2026-03-07 13:00,0.012754,0.012944,0.012621,0.012726,4206202.64
1772890200000,2026-03-07 13:30,0.012726,0.012845,0.012622,0.012733,775430.14
1772892000000,2026-03-07 14:00,0.012733,0.013017,0.012684,0.012946,141160788.23
1772893800000,2026-03-07 14:30,0.012946,0.012976,0.012765,0.012944,1048815.09
1772895600000,2026-03-07 15:00,0.012944,0.012993,0.012838,0.012992,465613.75
1772897400000,2026-03-07 15:30,0.012992,0.013,0.012829,0.012905,477252.2
1772899200000,2026-03-07 16:00,0.012905,0.013244,0.012905,0.012973,665037.75
1772901000000,2026-03-07 16:30,0.012973,0.013152,0.012858,0.013042,3488351.79
1772902800000,2026-03-07 17:00,0.013042,0.013111,0.012995,0.013042,38642639.27
1772904600000,2026-03-07 17:30,0.013042,0.01315,0.013026,0.013115,56614125.81
1772906400000,2026-03-07 18:00,0.013115,0.013285,0.013094,0.013155,8396885.05
1772908200000,2026-03-07 18:30,0.013155,0.013252,0.013006,0.013018,8933649.07
1772910000000,2026-03-07 19:00,0.013018,0.013232,0.012983,0.013104,20413437.63
1772911800000,2026-03-07 19:30,0.013104,0.01314,0.013057,0.013094,281884.78
1772913600000,2026-03-07 20:00,0.013094,0.013199,0.013047,0.013147,7449565.5
1772915400000,2026-03-07 20:30,0.013147,0.01321,0.01304,0.01314,143971944.97
1772917200000,2026-03-07 21:00,0.01314,0.01318,0.013039,0.013133,29509401.93
1772919000000,2026-03-07 21:30,0.013133,0.01316,0.013031,0.013141,52972053.61
1772920800000,2026-03-07 22:00,0.013141,0.0133,0.013097,0.01326,42560667.39
1772922600000,2026-03-07 22:30,0.01326,0.013659,0.01299,0.013452,1833893.67
1772924400000,2026-03-07 23:00,0.013452,0.01356,0.01335,0.013478,55491591.6
1772926200000,2026-03-07 23:30,0.013478,0.013632,0.013373,0.013466,17250676.49
1772928000000,2026-03-08 00:00,0.013466,0.013985,0.013466,0.013748,151815472.43
1772929800000,2026-03-08 00:30,0.013748,0.013901,0.013641,0.013805,7922357.21
1772931600000,2026-03-08 01:00,0.013805,0.013807,0.01365,0.013744,21989741.1
1772933400000,2026-03-08 01:30,0.013744,0.014135,0.013692,0.013923,283849708.35
1772935200000,2026-03-08 02:00,0.013923,0.014272,0.01387,0.014179,1131167.71
1772937000000,2026-03-08 02:30,0.014179,0.014699,0.014179,0.014489,1605205.95
1772938800000,2026-03-08 03:00,0.014489,0.014489,0.013916,0.014303,103915329.66
1772940600000,2026-03-08 03:30,0.014303,0.014528,0.014303,0.014429,114034492.45
1772942400000,2026-03-08 04:00,0.014429,0.014495,0.014212,0.014212,245510652.92
1772944200000,2026-03-08 04:30,0.014212,0.014846,0.014198,0.01461,2110612.38
1772946000000,2026-03-08 05:00,0.01461,0.014768,0.014075,0.014754,1323515.66
1772947800000,2026-03-08 05:30,0.014754,0.01481,0.014534,0.014684,881677.62
1772949600000,2026-03-08 06:00,0.014684,0.014833,0.014461,0.014817,980283.83
1772951400000,2026-03-08 06:30,0.014817,0.015478,0.01458,0.01511,1953400.88
1772953200000,2026-03-08 07:00,0.01511,0.015819,0.01511,0.015613,1920454.07
1772955000000,2026-03-08 07:30,0.015613,0.016,0.015486,0.016,23775523.44
1772956800000,2026-03-08 08:00,0.016,0.0168,0.015776,0.016749,33823458.3
1772958600000,2026-03-08 08:30,0.016749,0.018191,0.01628,0.017118,34515031.82
1772960400000,2026-03-08 09:00,0.017118,0.017473,0.016,0.016457,32522769.14
1772962200000,2026-03-08 09:30,0.016457,0.016956,0.016346,0.01675,313128331.68
1772964000000,2026-03-08 10:00,0.01675,0.017499,0.016685,0.017301,31194439.33
1772965800000,2026-03-08 10:30,0.017301,0.0175,0.016957,0.017297,30571939.31
1772967600000,2026-03-08 11:00,0.017297,0.0175,0.015505,0.016142,34037949.52
1772969400000,2026-03-08 11:30,0.016142,0.016694,0.016007,0.016667,30463747.03
1772971200000,2026-03-08 12:00,0.016667,0.017373,0.0165,0.01711,30566077.06
1772973000000,2026-03-08 12:30,0.01711,0.017322,0.016901,0.017026,10739799.0
1772974800000,2026-03-08 13:00,0.017026,0.017118,0.01652,0.016915,3138508.2
1772976600000,2026-03-08 13:30,0.016915,0.01726,0.01667,0.0168,87462088.41
1772978400000,2026-03-08 14:00,0.0168,0.0172,0.016792,0.017113,357317776.61
1772980200000,2026-03-08 14:30,0.017113,0.017861,0.017061,0.017681,194323395.29
1772982000000,2026-03-08 15:00,0.017681,0.018,0.017209,0.017694,3839431.15
1772983800000,2026-03-08 15:30,0.017694,0.018122,0.017569,0.0179,1824732.98
1772985600000,2026-03-08 16:00,0.0179,0.018105,0.017707,0.0179,3129807.21
1772987400000,2026-03-08 16:30,0.0179,0.018014,0.015956,0.016887,6582742.47
1772989200000,2026-03-08 17:00,0.016887,0.01788,0.016887,0.017463,11474883.85
1772991000000,2026-03-08 17:30,0.017463,0.017639,0.017079,0.017502,1470622.04
1772992800000,2026-03-08 18:00,0.017502,0.017678,0.017006,0.017433,73445416.03
1772994600000,2026-03-08 18:30,0.017433,0.017459,0.017047,0.01718,406812773.21
1772996400000,2026-03-08 19:00,0.01718,0.017638,0.017039,0.017483,130503626.25
1772998200000,2026-03-08 19:30,0.017483,0.017797,0.017471,0.017791,33729190.57
1773000000000,2026-03-08 20:00,0.017791,0.018062,0.017745,0.017949,35050506.58
1773001800000,2026-03-08 20:30,0.017949,0.018023,0.017333,0.017603,22643304.92
1773003600000,2026-03-08 21:00,0.017603,0.019782,0.017528,0.0195,6825673.48
1773005400000,2026-03-08 21:30,0.0195,0.019974,0.018675,0.01971,2167713.31
1773007200000,2026-03-08 22:00,0.01971,0.020794,0.019276,0.01945,14174697.93
1773009000000,2026-03-08 22:30,0.01945,0.020407,0.018781,0.02026,2449517.36
1773010800000,2026-03-08 23:00,0.02026,0.020559,0.019649,0.020272,2306924.34
1773012600000,2026-03-08 23:30,0.020272,0.020567,0.0198,0.020233,1347958.94
1773014400000,2026-03-09 00:00,0.020233,0.023846,0.020232,0.023476,4784330.76
1773016200000,2026-03-09 00:30,0.023476,0.024,0.022534,0.0232,3223242.03
1773018000000,2026-03-09 01:00,0.0232,0.025404,0.023017,0.024918,34149766.83
1773019800000,2026-03-09 01:30,0.024918,0.0258,0.024552,0.0255,61596319.42
1773021600000,2026-03-09 02:00,0.0255,0.026272,0.025301,0.025599,99044218.5
1773023400000,2026-03-09 02:30,0.025599,0.026341,0.02545,0.026116,158609374.33
1773025200000,2026-03-09 03:00,0.026116,0.0262,0.025338,0.025777,128941643.28
1773027000000,2026-03-09 03:30,0.025777,0.0259,0.025041,0.025808,189273304.42
1773028800000,2026-03-09 04:00,0.025808,0.0259,0.02,0.021296,124712347.12
1773030600000,2026-03-09 04:30,0.021296,0.025309,0.021188,0.024153,30369819.09
1773032400000,2026-03-09 05:00,0.024153,0.025201,0.022943,0.024871,30976869.78
1773034200000,2026-03-09 05:30,0.024871,0.0256,0.024221,0.025103,30728203.87
1773036000000,2026-03-09 06:00,0.025103,0.0263,0.025092,0.026057,195995411.27
1773037800000,2026-03-09 06:30,0.026057,0.026301,0.024265,0.024893,252001428.98
1773039600000,2026-03-09 07:00,0.024893,0.0262,0.024618,0.025711,87135404.67
1773041400000,2026-03-09 07:30,0.025711,0.02599,0.024878,0.025022,534995833.2
1773043200000,2026-03-09 08:00,0.025022,0.02599,0.024702,0.025323,72434565.19
1773045000000,2026-03-09 08:30,0.025323,0.025585,0.023293,0.024496,156024443.17
1773046800000,2026-03-09 09:00,0.024496,0.024851,0.023748,0.024054,114503831.1
1773048600000,2026-03-09 09:30,0.024054,0.024608,0.023921,0.024285,47918769.47
1773050400000,2026-03-09 10:00,0.024285,0.024577,0.024078,0.024356,891798.37
1773052200000,2026-03-09 10:30,0.024356,0.025429,0.024203,0.024967,1913097.24
1773054000000,2026-03-09 11:00,0.024967,0.02608,0.024961,0.025245,2270908.56
1773055800000,2026-03-09 11:30,0.025245,0.0259,0.025197,0.025695,1838454.8
1773057600000,2026-03-09 12:00,0.025695,0.026037,0.025392,0.025885,1161576.91
1773059400000,2026-03-09 12:30,0.025885,0.026203,0.025633,0.0261,925363.3
1773061200000,2026-03-09 13:00,0.0261,0.028633,0.026099,0.028566,2883148.15
1773063000000,2026-03-09 13:30,0.028566,0.03,0.028101,0.029492,3349313.85
1773064800000,2026-03-09 14:00,0.029492,0.0296,0.022418,0.028,11917001.1
1773066600000,2026-03-09 14:30,0.028,0.029078,0.027767,0.028081,2181972.06
1773068400000,2026-03-09 15:00,0.028081,0.028652,0.026051,0.02662,2673603.7
1773070200000,2026-03-09 15:30,0.02662,0.027798,0.025075,0.02768,3251602.62
1773072000000,2026-03-09 16:00,0.02768,0.028436,0.026837,0.027511,1808072.78
1773073800000,2026-03-09 16:30,0.027511,0.02757,0.026234,0.02688,1905607.39
1773075600000,2026-03-09 17:00,0.02688,0.027191,0.026365,0.026987,1469100.9
1773077400000,2026-03-09 17:30,0.026987,0.0275,0.026881,0.027,733159.9
1773079200000,2026-03-09 18:00,0.027,0.027165,0.026566,0.026566,322397.16
1773081000000,2026-03-09 18:30,0.026566,0.02684,0.026003,0.026559,626956.7
1773082800000,2026-03-09 19:00,0.026559,0.027229,0.026431,0.026957,679720.75
1773084600000,2026-03-09 19:30,0.026957,0.027119,0.026572,0.026857,290156.7
1773086400000,2026-03-09 20:00,0.026857,0.026857,0.025642,0.026032,728222.99
1773088200000,2026-03-09 20:30,0.026032,0.02622,0.024298,0.024765,2072176.42
1773090000000,2026-03-09 21:00,0.024765,0.0272,0.023753,0.026185,2941351.66
1773091800000,2026-03-09 21:30,0.026185,0.027,0.025747,0.026318,750937.96
1773093600000,2026-03-09 22:00,0.026318,0.026364,0.024947,0.026026,1268299.04
1773095400000,2026-03-09 22:30,0.026026,0.0285,0.026026,0.028082,1167769.22
1773097200000,2026-03-09 23:00,0.028082,0.02815,0.026518,0.026716,981015.23
1773099000000,2026-03-09 23:30,0.026716,0.027571,0.026501,0.027157,476505.19
1773100800000,2026-03-10 00:00,0.027157,0.028944,0.027143,0.028747,1398700.74
1773102600000,2026-03-10 00:30,0.028747,0.029,0.027309,0.027515,1387842.45
1773104400000,2026-03-10 01:00,0.027515,0.028258,0.027515,0.027857,660540.7
1773106200000,2026-03-10 01:30,0.027857,0.028071,0.027511,0.027609,520339.66
1773108000000,2026-03-10 02:00,0.027609,0.027609,0.026815,0.027103,965000.42
1773109800000,2026-03-10 02:30,0.027103,0.027132,0.025838,0.025845,988440.3
1773111600000,2026-03-10 03:00,0.025845,0.0262,0.02424,0.025005,3031878.35
1773113400000,2026-03-10 03:30,0.025005,0.026415,0.025005,0.025883,1473921.56
1773115200000,2026-03-10 04:00,0.025883,0.0265,0.025857,0.025993,558518.92
1773117000000,2026-03-10 04:30,0.025993,0.026143,0.025259,0.025592,733718.31
1773118800000,2026-03-10 05:00,0.025592,0.025732,0.024201,0.024384,2287350.66
1773120600000,2026-03-10 05:30,0.024384,0.025197,0.024303,0.025095,1879739.47
1773122400000,2026-03-10 06:00,0.025095,0.02545,0.024626,0.025009,1045006.24
1773124200000,2026-03-10 06:30,0.025009,0.025278,0.024544,0.024995,842475.31
1773126000000,2026-03-10 07:00,0.024995,0.026,0.024963,0.025464,1243332.56
1773127800000,2026-03-10 07:30,0.025464,0.0264,0.025374,0.026279,1122182.19
1773129600000,2026-03-10 08:00,0.026279,0.02716,0.025439,0.025991,1280329.36
1773131400000,2026-03-10 08:30,0.025991,0.026637,0.025603,0.026045,1055215.04
1773133200000,2026-03-10 09:00,0.026045,0.026329,0.025817,0.025917,349804.63
1773135000000,2026-03-10 09:30,0.025917,0.026138,0.024922,0.025601,1755116.69
1773136800000,2026-03-10 10:00,0.025601,0.025759,0.025276,0.025721,408216.49
1773138600000,2026-03-10 10:30,0.025721,0.0258,0.025204,0.025499,458135.18
1773140400000,2026-03-10 11:00,0.025499,0.026286,0.025238,0.025857,583953.06
1773142200000,2026-03-10 11:30,0.025857,0.026087,0.025,0.0252,539910.41
1773144000000,2026-03-10 12:00,0.0252,0.025913,0.025142,0.025858,498943.3
1773145800000,2026-03-10 12:30,0.025858,0.025891,0.025065,0.025167,495801.78
1773147600000,2026-03-10 13:00,0.025167,0.025331,0.023986,0.02445,2491841.76
1773149400000,2026-03-10 13:30,0.02445,0.024699,0.0221,0.022783,3701515.08
1773151200000,2026-03-10 14:00,0.022783,0.024156,0.022307,0.024072,1758935.04
1773153000000,2026-03-10 14:30,0.024072,0.024851,0.023295,0.023617,1579516.37
1773154800000,2026-03-10 15:00,0.023617,0.024121,0.023204,0.0237,1109591.69
1773156600000,2026-03-10 15:30,0.0237,0.023878,0.021166,0.021358,3159345.23
1773158400000,2026-03-10 16:00,0.021358,0.022069,0.021124,0.021871,1968758.05
1773160200000,2026-03-10 16:30,0.021871,0.021871,0.0185,0.018774,3237363.37
1773162000000,2026-03-10 17:00,0.018774,0.021735,0.017,0.018794,5486267.58
1773163800000,2026-03-10 17:30,0.018794,0.019946,0.018429,0.019655,2280140.02
1773165600000,2026-03-10 18:00,0.019655,0.020779,0.0175,0.018431,2712185.78
1773167400000,2026-03-10 18:30,0.018431,0.019383,0.017651,0.019,1461272.76
1773169200000,2026-03-10 19:00,0.019,0.0202,0.018921,0.019998,1957533.77
1773171000000,2026-03-10 19:30,0.019998,0.020394,0.019727,0.02028,1281637.43
1773172800000,2026-03-10 20:00,0.02028,0.02028,0.018864,0.019453,1457290.66
1773174600000,2026-03-10 20:30,0.019453,0.020372,0.019344,0.020372,1161010.09
1773176400000,2026-03-10 21:00,0.020372,0.023999,0.020233,0.022997,2255440.03
1773178200000,2026-03-10 21:30,0.022997,0.022997,0.020801,0.021782,1799087.59
1773180000000,2026-03-10 22:00,0.021782,0.022867,0.021,0.02179,1482599.16
1773181800000,2026-03-10 22:30,0.02179,0.022097,0.018648,0.019038,1598428.62
1773183600000,2026-03-10 23:00,0.019038,0.020982,0.018816,0.020841,1364647.94
1773185400000,2026-03-10 23:30,0.020841,0.022,0.020683,0.021321,1628709.14
1773187200000,2026-03-11 00:00,0.021321,0.022568,0.02121,0.022,1353203.31
1773189000000,2026-03-11 00:30,0.022,0.0223,0.020411,0.021036,1243960.91
1773190800000,2026-03-11 01:00,0.021036,0.021558,0.020877,0.021145,1057640.1
1773192600000,2026-03-11 01:30,0.021145,0.021481,0.020919,0.02125,784352.81
1773194400000,2026-03-11 02:00,0.02125,0.02133,0.02,0.020935,1718390.72
1773196200000,2026-03-11 02:30,0.020935,0.021575,0.019944,0.020616,1684141.22
1773198000000,2026-03-11 03:00,0.020616,0.020916,0.020333,0.0206,791764.41
1773199800000,2026-03-11 03:30,0.0206,0.021328,0.020458,0.021189,1235808.58
1773201600000,2026-03-11 04:00,0.021189,0.021198,0.020201,0.020474,1463146.11
1773203400000,2026-03-11 04:30,0.020474,0.020555,0.019439,0.019977,1105361.36
1773205200000,2026-03-11 05:00,0.019977,0.02029,0.019251,0.019648,941217.11
1773207000000,2026-03-11 05:30,0.019648,0.020133,0.019404,0.020048,766348.48
1773208800000,2026-03-11 06:00,0.020048,0.020199,0.018531,0.019458,2525569.13
1773210600000,2026-03-11 06:30,0.019458,0.019663,0.019183,0.019565,998018.7
1773212400000,2026-03-11 07:00,0.019565,0.019747,0.018999,0.019044,782628.83
1773214200000,2026-03-11 07:30,0.019044,0.0196,0.018834,0.01893,1411311.71
1773216000000,2026-03-11 08:00,0.01893,0.019286,0.018504,0.018704,1452493.02
1773217800000,2026-03-11 08:30,0.018704,0.018964,0.018536,0.018817,806819.78
1773219600000,2026-03-11 09:00,0.018817,0.018945,0.018036,0.018783,1725187.93
1773221400000,2026-03-11 09:30,0.018783,0.01879,0.017279,0.0174,2197413.13
1773223200000,2026-03-11 10:00,0.0174,0.017904,0.016092,0.016391,2869341.45
1773225000000,2026-03-11 10:30,0.016391,0.017395,0.016315,0.017286,1405493.93
1773226800000,2026-03-11 11:00,0.017286,0.01763,0.0168,0.01763,1369091.74
1773228600000,2026-03-11 11:30,0.01763,0.019368,0.017629,0.01915,1994639.36
1773230400000,2026-03-11 12:00,0.01915,0.021,0.018562,0.020602,2296836.23
1773232200000,2026-03-11 12:30,0.020602,0.021367,0.018756,0.0202,1716961.91
1773234000000,2026-03-11 13:00,0.0202,0.020333,0.018336,0.019497,1772416.33
1773235800000,2026-03-11 13:30,0.019497,0.020348,0.019014,0.019908,1178606.97
1773237600000,2026-03-11 14:00,0.019908,0.020059,0.0165,0.017873,9942248.77
1773239400000,2026-03-11 14:30,0.017873,0.018354,0.017702,0.017942,1188528.25
1773241200000,2026-03-11 15:00,0.017942,0.01834,0.017545,0.017991,2556330.48
1773243000000,2026-03-11 15:30,0.017991,0.018269,0.017337,0.018182,2678084.16
1773244800000,2026-03-11 16:00,0.018182,0.018388,0.017478,0.018388,1861689.33
1773246600000,2026-03-11 16:30,0.018388,0.018388,0.018,0.018056,1258946.32
1773248400000,2026-03-11 17:00,0.018056,0.01864,0.017963,0.018572,1461912.06
1773250200000,2026-03-11 17:30,0.018572,0.019569,0.018333,0.019376,1656134.86
1773252000000,2026-03-11 18:00,0.019376,0.019488,0.018704,0.019363,1192696.03
1773253800000,2026-03-11 18:30,0.019363,0.020058,0.019074,0.019995,1466053.83
1773255600000,2026-03-11 19:00,0.019995,0.020218,0.019185,0.019358,1058453.17
1773257400000,2026-03-11 19:30,0.019358,0.019845,0.018889,0.019486,1381135.02
1773259200000,2026-03-11 20:00,0.019486,0.020159,0.019401,0.019903,1102850.21
1773261000000,2026-03-11 20:30,0.019903,0.020099,0.019545,0.019774,874682.39
1773262800000,2026-03-11 21:00,0.019774,0.02,0.0185,0.018688,1583719.65
1773264600000,2026-03-11 21:30,0.018688,0.019418,0.0185,0.019256,939940.27
1773266400000,2026-03-11 22:00,0.019256,0.019418,0.017502,0.017929,1584165.14
1773268200000,2026-03-11 22:30,0.017929,0.018498,0.017691,0.018281,1093761.65
1773270000000,2026-03-11 23:00,0.018281,0.018984,0.018115,0.018653,1074567.76
1773271800000,2026-03-11 23:30,0.018653,0.019684,0.018573,0.019388,1408216.0
1773273600000,2026-03-12 00:00,0.019388,0.01963,0.018805,0.019521,1385209.74
1773275400000,2026-03-12 00:30,0.019521,0.02012,0.01942,0.020008,653074.06
1773277200000,2026-03-12 01:00,0.020008,0.020926,0.019709,0.019999,1296751.28
1773279000000,2026-03-12 01:30,0.019999,0.0201,0.019293,0.020007,1141766.39
1773280800000,2026-03-12 02:00,0.020007,0.020497,0.020007,0.020136,264916.23
1773282600000,2026-03-12 02:30,0.020136,0.020538,0.019914,0.020474,298941.35
1773284400000,2026-03-12 03:00,0.020474,0.020897,0.020116,0.020753,590800.18
1773286200000,2026-03-12 03:30,0.020753,0.021999,0.020753,0.021734,1014961.37
1773288000000,2026-03-12 04:00,0.021734,0.021755,0.020803,0.021686,629560.5
1773289800000,2026-03-12 04:30,0.021686,0.022,0.021209,0.02199,1488138.14
1773291600000,2026-03-12 05:00,0.02199,0.02278,0.021641,0.022424,2338732.16
1773293400000,2026-03-12 05:30,0.022424,0.023245,0.022108,0.022998,1055768.31
1773295200000,2026-03-12 06:00,0.022998,0.02498,0.0225,0.023816,2634123.72
1773297000000,2026-03-12 06:30,0.023816,0.023901,0.021441,0.021898,2228050.86
1773298800000,2026-03-12 07:00,0.021898,0.0234,0.020203,0.022628,1668151.35
1773300600000,2026-03-12 07:30,0.022628,0.022981,0.021601,0.022079,1018049.84
1773302400000,2026-03-12 08:00,0.022079,0.022952,0.020897,0.02294,1004212.42
1773304200000,2026-03-12 08:30,0.02294,0.023313,0.022157,0.023266,1203462.91
1773306000000,2026-03-12 09:00,0.023266,0.023396,0.021609,0.02236,1917222.85
1773307800000,2026-03-12 09:30,0.02236,0.023159,0.021098,0.021634,2213604.2
1773309600000,2026-03-12 10:00,0.021634,0.022071,0.021242,0.02195,718727.47
1773311400000,2026-03-12 10:30,0.02195,0.022526,0.021551,0.021891,995395.25
1773313200000,2026-03-12 11:00,0.021891,0.0223,0.021731,0.021905,612914.05
1773315000000,2026-03-12 11:30,0.021905,0.022299,0.0216,0.022096,520657.71
1773316800000,2026-03-12 12:00,0.022096,0.022096,0.0205,0.020842,1791070.35
1773318600000,2026-03-12 12:30,0.020842,0.022419,0.020179,0.020427,2130844.63
1773320400000,2026-03-12 13:00,0.020427,0.02059,0.0197,0.02038,1058577.82
1773322200000,2026-03-12 13:30,0.02038,0.020852,0.019419,0.020166,1185399.76
1773324000000,2026-03-12 14:00,0.020166,0.020745,0.019793,0.020672,842557.37
1773325800000,2026-03-12 14:30,0.020672,0.021107,0.020345,0.020732,1339861.13
1773327600000,2026-03-12 15:00,0.020732,0.021,0.02016,0.020719,817721.48
1773329400000,2026-03-12 15:30,0.020719,0.021147,0.020428,0.021097,892413.77
1773331200000,2026-03-12 16:00,0.021097,0.021238,0.020756,0.021092,948169.55
1773333000000,2026-03-12 16:30,0.021092,0.022,0.021066,0.021757,1316613.63
1773334800000,2026-03-12 17:00,0.021757,0.021898,0.021409,0.021523,2028414.62
1773336600000,2026-03-12 17:30,0.021523,0.0219,0.021027,0.021475,1277389.24
1773338400000,2026-03-12 18:00,0.021475,0.021895,0.0212,0.021605,946149.7
1773340200000,2026-03-12 18:30,0.021605,0.021896,0.021428,0.021611,697769.18
1773342000000,2026-03-12 19:00,0.021611,0.021624,0.021091,0.0216,739594.35
1773343800000,2026-03-12 19:30,0.0216,0.021848,0.021386,0.021718,987849.45
1773345600000,2026-03-12 20:00,0.021718,0.021725,0.021009,0.021123,1293670.74
1773347400000,2026-03-12 20:30,0.021123,0.021374,0.020239,0.02076,1160844.17
1773349200000,2026-03-12 21:00,0.02076,0.021107,0.020322,0.020834,999398.12
1773351000000,2026-03-12 21:30,0.020834,0.021288,0.020682,0.021185,985638.59
1773352800000,2026-03-12 22:00,0.021185,0.022,0.021185,0.021997,1002653.0
1773354600000,2026-03-12 22:30,0.021997,0.0224,0.021658,0.022274,1124659.25
1773356400000,2026-03-12 23:00,0.022274,0.022454,0.021424,0.022049,896786.4
1773358200000,2026-03-12 23:30,0.022049,0.022693,0.021856,0.022177,1363423.83
1773360000000,2026-03-13 00:00,0.022177,0.0233,0.021907,0.023036,1132906.73
1773361800000,2026-03-13 00:30,0.023036,0.02368,0.022927,0.02368,1546833.1
1773363600000,2026-03-13 01:00,0.02368,0.024148,0.022673,0.023882,1854192.28
1773365400000,2026-03-13 01:30,0.023882,0.024102,0.022498,0.023073,1598106.77
1773367200000,2026-03-13 02:00,0.023073,0.023456,0.022471,0.022876,1529885.41
1773369000000,2026-03-13 02:30,0.022876,0.0234,0.022412,0.0232,1120678.87
1773370800000,2026-03-13 03:00,0.0232,0.023678,0.022812,0.023439,1409512.95
1773372600000,2026-03-13 03:30,0.023439,0.0239,0.023372,0.023574,1200901.08
1773374400000,2026-03-13 04:00,0.023574,0.0238,0.023024,0.023584,1113932.26
1773376200000,2026-03-13 04:30,0.023584,0.024417,0.02353,0.024163,822863.4
1773378000000,2026-03-13 05:00,0.024163,0.024235,0.023565,0.023905,375717.73
1773379800000,2026-03-13 05:30,0.023905,0.0242,0.023276,0.023565,634557.7
1773381600000,2026-03-13 06:00,0.023565,0.023761,0.023369,0.023607,178185.13
1773383400000,2026-03-13 06:30,0.023607,0.024123,0.023489,0.023951,596281.69
1773385200000,2026-03-13 07:00,0.023951,0.024062,0.023583,0.0238,587003.08
1773387000000,2026-03-13 07:30,0.0238,0.024123,0.023556,0.023905,878944.09
1773388800000,2026-03-13 08:00,0.023905,0.024174,0.023847,0.023986,387888.58
1773390600000,2026-03-13 08:30,0.023986,0.024032,0.023501,0.023773,730310.3
1773392400000,2026-03-13 09:00,0.023773,0.023867,0.022972,0.023426,835113.77
1773394200000,2026-03-13 09:30,0.023426,0.02359,0.023125,0.023581,746645.61
1773396000000,2026-03-13 10:00,0.023581,0.023581,0.022686,0.022979,854611.78
1773397800000,2026-03-13 10:30,0.022979,0.023232,0.022293,0.022837,1181664.12
1773399600000,2026-03-13 11:00,0.022837,0.023157,0.022751,0.022936,963564.72
1773401400000,2026-03-13 11:30,0.022936,0.023075,0.022482,0.02285,951917.28
1773403200000,2026-03-13 12:00,0.02285,0.022893,0.022115,0.02255,1009926.96
1773405000000,2026-03-13 12:30,0.02255,0.022678,0.02215,0.022295,976855.43
1773406800000,2026-03-13 13:00,0.022295,0.022613,0.022057,0.022605,1081435.53
1773408600000,2026-03-13 13:30,0.022605,0.022976,0.022286,0.022716,1110508.39
1773410400000,2026-03-13 14:00,0.022716,0.022787,0.022,0.022279,1665900.87
1773412200000,2026-03-13 14:30,0.022279,0.022708,0.022006,0.022245,1669031.09
1773414000000,2026-03-13 15:00,0.022245,0.0226,0.021612,0.022109,1695902.54
1773415800000,2026-03-13 15:30,0.022109,0.022415,0.021898,0.022174,1182667.72
1773417600000,2026-03-13 16:00,0.022174,0.022574,0.021811,0.022398,1218197.23
1773419400000,2026-03-13 16:30,0.022398,0.02274,0.0222,0.022604,1078404.74
1773421200000,2026-03-13 17:00,0.022604,0.023151,0.022458,0.023046,1021562.32
1773423000000,2026-03-13 17:30,0.023046,0.0234,0.022574,0.022917,900364.96
1773424800000,2026-03-13 18:00,0.022917,0.02345,0.022748,0.023382,1102373.81
1773426600000,2026-03-13 18:30,0.023382,0.023402,0.022531,0.023043,1245657.31
1773428400000,2026-03-13 19:00,0.023043,0.023495,0.022971,0.023317,684570.18
1773430200000,2026-03-13 19:30,0.023317,0.023781,0.023113,0.023676,777301.02
1773432000000,2026-03-13 20:00,0.023676,0.023795,0.022851,0.023289,993069.59
1773433800000,2026-03-13 20:30,0.023289,0.0234,0.022967,0.023304,710553.29
1773435600000,2026-03-13 21:00,0.023304,0.023537,0.023041,0.023527,827552.1
1773437400000,2026-03-13 21:30,0.023527,0.023695,0.023416,0.023682,671956.37
1773439200000,2026-03-13 22:00,0.023682,0.023786,0.023621,0.023786,332670.29
1773441000000,2026-03-13 22:30,0.023786,0.023949,0.023112,0.023594,836050.08
1773442800000,2026-03-13 23:00,0.023594,0.02373,0.023214,0.023506,737570.76
1773444600000,2026-03-13 23:30,0.023506,0.023695,0.023148,0.023306,659876.26
1773446400000,2026-03-14 00:00,0.023306,0.023996,0.022885,0.023979,686659.14
1773448200000,2026-03-14 00:30,0.023979,0.024388,0.023766,0.024282,817093.68
1773450000000,2026-03-14 01:00,0.024282,0.0244,0.0228,0.0233,687570.62
1773451800000,2026-03-14 01:30,0.0233,0.023564,0.023113,0.023267,868914.3
1773453600000,2026-03-14 02:00,0.023267,0.023372,0.022982,0.023262,572201.01
1773455400000,2026-03-14 02:30,0.023262,0.023437,0.022651,0.02284,886588.0
1773457200000,2026-03-14 03:00,0.02284,0.023245,0.022754,0.023165,647934.45
1773459000000,2026-03-14 03:30,0.023165,0.023366,0.02309,0.02325,441870.33
1773460800000,2026-03-14 04:00,0.02325,0.02337,0.0227,0.023297,805607.02
1773462600000,2026-03-14 04:30,0.023297,0.023366,0.023,0.023197,545588.43
1773464400000,2026-03-14 05:00,0.023197,0.023366,0.023031,0.02325,368627.61
1773466200000,2026-03-14 05:30,0.02325,0.023799,0.023128,0.023553,439115.09
1773468000000,2026-03-14 06:00,0.023553,0.024016,0.023547,0.0238,438716.32
1773469800000,2026-03-14 06:30,0.0238,0.024027,0.023679,0.023996,652088.77
1773471600000,2026-03-14 07:00,0.023996,0.024024,0.023736,0.024019,519868.51
1773473400000,2026-03-14 07:30,0.024019,0.024313,0.023893,0.024114,683767.15
1773475200000,2026-03-14 08:00,0.024114,0.024114,0.023745,0.02406,207862.28
1773477000000,2026-03-14 08:30,0.02406,0.024078,0.023873,0.02407,155317.3
1773478800000,2026-03-14 09:00,0.02407,0.024124,0.02385,0.023953,229290.5
1773480600000,2026-03-14 09:30,0.023953,0.024137,0.023767,0.023818,380419.35
1773482400000,2026-03-14 10:00,0.023818,0.024056,0.02375,0.023798,192757.34
1773484200000,2026-03-14 10:30,0.023798,0.023969,0.02375,0.02375,106754.84
1773486000000,2026-03-14 11:00,0.02375,0.023921,0.02375,0.023899,46118.52
1773487800000,2026-03-14 11:30,0.023899,0.024071,0.02377,0.023834,110090.19
1773489600000,2026-03-14 12:00,0.023834,0.023914,0.02376,0.02377,125124.19
1773491400000,2026-03-14 12:30,0.02377,0.023933,0.023725,0.023834,187310.62
1773493200000,2026-03-14 13:00,0.023834,0.023947,0.023713,0.023852,90594.08
1773495000000,2026-03-14 13:30,0.023852,0.024778,0.023108,0.023996,961087.59
1773496800000,2026-03-14 14:00,0.023996,0.024095,0.0238,0.023893,717201.93
1773498600000,2026-03-14 14:30,0.023893,0.02401,0.02376,0.023954,564674.8
1773500400000,2026-03-14 15:00,0.023954,0.0242,0.023849,0.024036,754367.78
1773502200000,2026-03-14 15:30,0.024036,0.024043,0.023803,0.023974,544936.99
1773504000000,2026-03-14 16:00,0.023974,0.024129,0.023691,0.024119,624236.52
1773505800000,2026-03-14 16:30,0.024119,0.02414,0.023939,0.024064,543143.74
1773507600000,2026-03-14 17:00,0.024064,0.024138,0.023698,0.0241,534601.97
1773509400000,2026-03-14 17:30,0.0241,0.024119,0.0238,0.023898,687420.7
1773511200000,2026-03-14 18:00,0.023898,0.024125,0.0236,0.02389,760720.96
1773513000000,2026-03-14 18:30,0.02389,0.023899,0.023015,0.023128,871968.35
1773514800000,2026-03-14 19:00,0.023128,0.0236,0.023012,0.023537,876273.55
1773516600000,2026-03-14 19:30,0.023537,0.023543,0.023002,0.023497,839244.46
1773518400000,2026-03-14 20:00,0.023497,0.023721,0.023296,0.023575,556935.85
1773520200000,2026-03-14 20:30,0.023575,0.023745,0.022894,0.023682,624256.9
1773522000000,2026-03-14 21:00,0.023682,0.023843,0.0235,0.023739,558444.74
1773523800000,2026-03-14 21:30,0.023739,0.024062,0.023495,0.023915,517483.63
1773525600000,2026-03-14 22:00,0.023915,0.024313,0.0238,0.024253,443628.33
1773527400000,2026-03-14 22:30,0.024253,0.024433,0.023875,0.02413,757567.61
1773529200000,2026-03-14 23:00,0.02413,0.024499,0.024116,0.024432,516886.69
1773531000000,2026-03-14 23:30,0.024432,0.0245,0.024255,0.024475,545929.97
1773532800000,2026-03-15 00:00,0.024475,0.024998,0.02437,0.024968,868449.31
1773534600000,2026-03-15 00:30,0.024968,0.025264,0.024657,0.025114,482377.63
1773536400000,2026-03-15 01:00,0.025114,0.0254,0.024597,0.025058,501493.55
1773538200000,2026-03-15 01:30,0.025058,0.025058,0.024437,0.024559,518413.31
1773540000000,2026-03-15 02:00,0.024559,0.02535,0.024198,0.024725,941825.63
1773541800000,2026-03-15 02:30,0.024725,0.025034,0.024725,0.025008,465618.71
1773543600000,2026-03-15 03:00,0.025008,0.0253,0.02483,0.02524,438935.91
1773545400000,2026-03-15 03:30,0.02524,0.025661,0.025117,0.025465,591281.42
1773547200000,2026-03-15 04:00,0.025465,0.025592,0.025263,0.025589,375640.03
1773549000000,2026-03-15 04:30,0.025589,0.025932,0.02549,0.025735,399070.39
1773550800000,2026-03-15 05:00,0.025735,0.02646,0.025606,0.026399,546434.76
1773552600000,2026-03-15 05:30,0.026399,0.027978,0.026268,0.026989,1829646.16
1773554400000,2026-03-15 06:00,0.026989,0.0274,0.0262,0.026914,1102632.48
1773556200000,2026-03-15 06:30,0.026914,0.027196,0.026,0.026884,1396354.37
1773558000000,2026-03-15 07:00,0.026884,0.026921,0.025914,0.02641,1028258.87
1773559800000,2026-03-15 07:30,0.02641,0.026791,0.0256,0.0264,774686.69
1773561600000,2026-03-15 08:00,0.0264,0.027316,0.0264,0.027069,693225.8
1773563400000,2026-03-15 08:30,0.027069,0.027641,0.026877,0.02733,1162871.74
1773565200000,2026-03-15 09:00,0.02733,0.028488,0.027122,0.027489,1839722.62
1773567000000,2026-03-15 09:30,0.027489,0.0295,0.02713,0.02754,1233493.18
1773568800000,2026-03-15 10:00,0.02754,0.0292,0.02748,0.028941,1145213.76
1773570600000,2026-03-15 10:30,0.028941,0.029034,0.027713,0.028133,983689.67
1773572400000,2026-03-15 11:00,0.028133,0.028358,0.027302,0.027572,859322.63
1773574200000,2026-03-15 11:30,0.027572,0.027572,0.025,0.026285,1607070.51
1773576000000,2026-03-15 12:00,0.026285,0.027592,0.02623,0.027156,1208471.43
1773577800000,2026-03-15 12:30,0.027156,0.027658,0.026725,0.0271,810529.93
1773579600000,2026-03-15 13:00,0.0271,0.027726,0.0268,0.027399,829358.2
1773581400000,2026-03-15 13:30,0.027399,0.028524,0.0272,0.027815,1048141.17
1773583200000,2026-03-15 14:00,0.027815,0.0285,0.0277,0.028121,589998.91
1773585000000,2026-03-15 14:30,0.028121,0.028524,0.028121,0.028524,396126.41
1773586800000,2026-03-15 15:00,0.028524,0.028524,0.027923,0.028007,558654.03
1773588600000,2026-03-15 15:30,0.028007,0.0285,0.026753,0.027398,1172761.39
1773590400000,2026-03-15 16:00,0.027398,0.028524,0.027255,0.027436,973898.76
1773592200000,2026-03-15 16:30,0.027436,0.027828,0.026737,0.027354,745259.11
1773594000000,2026-03-15 17:00,0.027354,0.027671,0.0268,0.027559,811379.97
1773595800000,2026-03-15 17:30,0.027559,0.027912,0.027308,0.027912,635469.88
1773597600000,2026-03-15 18:00,0.027912,0.028181,0.027554,0.028039,609207.41
1773599400000,2026-03-15 18:30,0.028039,0.028282,0.027529,0.028028,496524.02
1773601200000,2026-03-15 19:00,0.028028,0.0284,0.027796,0.028393,243956.89
1773603000000,2026-03-15 19:30,0.028393,0.028524,0.0282,0.028234,142427.3
1773604800000,2026-03-15 20:00,0.028234,0.028306,0.027226,0.027814,572665.12
1773606600000,2026-03-15 20:30,0.027814,0.028376,0.027708,0.0282,327211.31
1773608400000,2026-03-15 21:00,0.0282,0.028292,0.027027,0.027088,449929.82
1773610200000,2026-03-15 21:30,0.027088,0.027717,0.026801,0.027676,678996.56
1773612000000,2026-03-15 22:00,0.027676,0.028198,0.027,0.028055,1280720.56
1773613800000,2026-03-15 22:30,0.028055,0.028523,0.027963,0.028382,231258.98
1773615600000,2026-03-15 23:00,0.028382,0.028518,0.028144,0.028375,100165.23
1773617400000,2026-03-15 23:30,0.028375,0.028524,0.02818,0.028511,377550.25
1773619200000,2026-03-16 00:00,0.028511,0.028524,0.028341,0.028417,256464.96
1773621000000,2026-03-16 00:30,0.028417,0.028417,0.0276,0.027886,485315.49
1773622800000,2026-03-16 01:00,0.027886,0.028091,0.027301,0.027863,521746.81
1773624600000,2026-03-16 01:30,0.027863,0.028108,0.027849,0.028058,138212.87
1773626400000,2026-03-16 02:00,0.028058,0.028448,0.027976,0.028316,155857.19
1773628200000,2026-03-16 02:30,0.028316,0.028342,0.027874,0.028014,88008.13
1773630000000,2026-03-16 03:00,0.028014,0.028176,0.027676,0.027752,279669.28
1773631800000,2026-03-16 03:30,0.027752,0.027912,0.027402,0.02782,578808.4
1773633600000,2026-03-16 04:00,0.02782,0.02795,0.027484,0.02789,536697.86
1773635400000,2026-03-16 04:30,0.02789,0.027992,0.027036,0.027324,644189.81
1773637200000,2026-03-16 05:00,0.027324,0.027475,0.026929,0.027108,711425.37
1773639000000,2026-03-16 05:30,0.027108,0.027176,0.026003,0.026102,634094.53
1773640800000,2026-03-16 06:00,0.026102,0.026798,0.025833,0.026735,777889.96
1773642600000,2026-03-16 06:30,0.026735,0.027978,0.026735,0.027445,1013134.37
1773644400000,2026-03-16 07:00,0.027445,0.027623,0.026714,0.027367,614193.98
1773646200000,2026-03-16 07:30,0.027367,0.027977,0.027357,0.027879,749629.44
1773648000000,2026-03-16 08:00,0.027879,0.028049,0.026751,0.026923,811409.47
1773649800000,2026-03-16 08:30,0.026923,0.028048,0.026502,0.027797,1355692.21
1773651600000,2026-03-16 09:00,0.027797,0.02799,0.027549,0.027616,835348.04
1773653400000,2026-03-16 09:30,0.027616,0.027831,0.027239,0.027661,877266.08
1773655200000,2026-03-16 10:00,0.027661,0.027949,0.027641,0.027857,698824.35
1773657000000,2026-03-16 10:30,0.027857,0.028107,0.027107,0.027559,1047303.49
1773658800000,2026-03-16 11:00,0.027559,0.027912,0.026954,0.027196,879759.07
1773660600000,2026-03-16 11:30,0.027196,0.027391,0.027,0.027336,786084.89
1773662400000,2026-03-16 12:00,0.027336,0.027864,0.027225,0.02772,732552.65
1773664200000,2026-03-16 12:30,0.02772,0.0278,0.02747,0.0278,801453.7
1773666000000,2026-03-16 13:00,0.0278,0.028261,0.027592,0.028253,889761.37
1773667800000,2026-03-16 13:30,0.028253,0.028524,0.0281,0.028524,952377.05
1773669600000,2026-03-16 14:00,0.028524,0.028524,0.028236,0.028498,715164.74
1773671400000,2026-03-16 14:30,0.028498,0.028674,0.028254,0.028498,989489.31
1773673200000,2026-03-16 15:00,0.028498,0.02868,0.028147,0.028481,816873.51
1773675000000,2026-03-16 15:30,0.028481,0.028496,0.026785,0.027386,1072951.87
1773676800000,2026-03-16 16:00,0.027386,0.028514,0.027361,0.027939,927227.26
1773678600000,2026-03-16 16:30,0.027939,0.028256,0.027223,0.028038,1027783.27
1773680400000,2026-03-16 17:00,0.028038,0.0285,0.028031,0.028461,749836.16
1773682200000,2026-03-16 17:30,0.028461,0.028721,0.0284,0.028554,731496.24
1773684000000,2026-03-16 18:00,0.028554,0.02861,0.028149,0.028266,966324.55
1773685800000,2026-03-16 18:30,0.028266,0.028702,0.028003,0.028572,725972.52
1773687600000,2026-03-16 19:00,0.028572,0.028827,0.028423,0.028688,1020917.27
1773689400000,2026-03-16 19:30,0.028688,0.028817,0.028566,0.028728,1042334.59
1773691200000,2026-03-16 20:00,0.028728,0.028826,0.02832,0.028493,832673.98
1773693000000,2026-03-16 20:30,0.028493,0.0285,0.028393,0.0285,577067.13
1773694800000,2026-03-16 21:00,0.0285,0.0285,0.027902,0.02813,1139393.42
1773696600000,2026-03-16 21:30,0.02813,0.028257,0.027465,0.028105,838265.79
1773698400000,2026-03-16 22:00,0.028105,0.02836,0.027303,0.027626,936856.98
1773700200000,2026-03-16 22:30,0.027626,0.028251,0.027407,0.027898,682070.78
1773702000000,2026-03-16 23:00,0.027898,0.028385,0.027794,0.028331,735322.48
1773703800000,2026-03-16 23:30,0.028331,0.0285,0.028204,0.028335,737317.53
1773705600000,2026-03-17 00:00,0.028335,0.0285,0.028321,0.028497,705617.45
1773707400000,2026-03-17 00:30,0.028497,0.028624,0.028371,0.0286,667068.1
1773709200000,2026-03-17 01:00,0.0286,0.028999,0.028421,0.02843,963263.52
1773711000000,2026-03-17 01:30,0.02843,0.028713,0.028361,0.0286,760356.72
1773712800000,2026-03-17 02:00,0.0286,0.028674,0.028354,0.028417,744815.57
1773714600000,2026-03-17 02:30,0.028417,0.028663,0.0284,0.0284,809806.47
1773716400000,2026-03-17 03:00,0.0284,0.028918,0.0284,0.028664,748245.86
1773718200000,2026-03-17 03:30,0.028664,0.029,0.028514,0.028626,821949.73
1773720000000,2026-03-17 04:00,0.028626,0.02932,0.028552,0.029158,1479903.91
1773721800000,2026-03-17 04:30,0.029158,0.031649,0.02904,0.03081,1798343.59
1773723600000,2026-03-17 05:00,0.03081,0.031228,0.030144,0.030593,473859.63
1773725400000,2026-03-17 05:30,0.030593,0.031,0.029707,0.029914,915420.67
1773727200000,2026-03-17 06:00,0.029914,0.029931,0.028456,0.029188,1310720.39
1773729000000,2026-03-17 06:30,0.029188,0.029791,0.028773,0.029461,1247173.41
1773730800000,2026-03-17 07:00,0.029461,0.030176,0.029296,0.030075,1074342.39
1773732600000,2026-03-17 07:30,0.030075,0.031,0.029897,0.030887,1460022.77
1773734400000,2026-03-17 08:00,0.030887,0.034499,0.030751,0.034354,1797509.42
1773736200000,2026-03-17 08:30,0.034354,0.035109,0.032075,0.0342,1865707.28
1773738000000,2026-03-17 09:00,0.0342,0.0345,0.0332,0.03396,1513744.2
1773739800000,2026-03-17 09:30,0.03396,0.034151,0.03216,0.033,862905.16
1773741600000,2026-03-17 10:00,0.033,0.0334,0.032246,0.0326,342509.59
1773743400000,2026-03-17 10:30,0.0326,0.032616,0.030604,0.031241,814606.81
1773745200000,2026-03-17 11:00,0.031241,0.03339,0.031193,0.031492,758488.89
1773747000000,2026-03-17 11:30,0.031492,0.031999,0.0306,0.031647,722518.7
1773748800000,2026-03-17 12:00,0.031647,0.03308,0.031514,0.032592,377235.87
1773750600000,2026-03-17 12:30,0.032592,0.0328,0.030138,0.030971,537579.04
1773752400000,2026-03-17 13:00,0.030971,0.030985,0.03,0.030125,491579.29
1773754200000,2026-03-17 13:30,0.030125,0.0308,0.029812,0.03025,691450.11
1773756000000,2026-03-17 14:00,0.03025,0.030385,0.029023,0.029638,825968.5
1773757800000,2026-03-17 14:30,0.029638,0.030327,0.029627,0.030195,499780.78
1773759600000,2026-03-17 15:00,0.030195,0.030993,0.030058,0.030883,597357.19
1773761400000,2026-03-17 15:30,0.030883,0.031866,0.030883,0.031082,850357.98
1773763200000,2026-03-17 16:00,0.031082,0.0317,0.0309,0.031368,758743.94
1773765000000,2026-03-17 16:30,0.031368,0.032,0.031019,0.031182,844001.04
1773766800000,2026-03-17 17:00,0.031182,0.031241,0.030355,0.031,757729.86
1773768600000,2026-03-17 17:30,0.031,0.0315,0.0304,0.030502,871345.65
1773770400000,2026-03-17 18:00,0.030502,0.031256,0.030356,0.031074,436394.91
1773772200000,2026-03-17 18:30,0.031074,0.031337,0.030835,0.031124,552819.24
1773774000000,2026-03-17 19:00,0.031124,0.031333,0.03075,0.031248,553447.88
1773775800000,2026-03-17 19:30,0.031248,0.032,0.031096,0.032,491926.21
1773777600000,2026-03-17 20:00,0.032,0.033792,0.031955,0.033202,1043537.94
1773779400000,2026-03-17 20:30,0.033202,0.033245,0.032333,0.033146,663799.12
1773781200000,2026-03-17 21:00,0.033146,0.034497,0.033058,0.033954,882769.48
1773783000000,2026-03-17 21:30,0.033954,0.034166,0.032372,0.032593,1050193.3
1773784800000,2026-03-17 22:00,0.032593,0.033209,0.03224,0.03298,658912.25
1773786600000,2026-03-17 22:30,0.03298,0.0351,0.03275,0.034799,1035414.63
1773788400000,2026-03-17 23:00,0.034799,0.035114,0.033753,0.0347,610094.71
1773790200000,2026-03-17 23:30,0.0347,0.034772,0.033645,0.033892,697894.05
1773792000000,2026-03-18 00:00,0.033892,0.0352,0.033889,0.0349,784624.29
1773793800000,2026-03-18 00:30,0.0349,0.035112,0.033912,0.034367,564917.18
1773795600000,2026-03-18 01:00,0.034367,0.034495,0.032886,0.033147,614414.54
1773797400000,2026-03-18 01:30,0.033147,0.0344,0.032888,0.034313,513598.13
1773799200000,2026-03-18 02:00,0.034313,0.034569,0.033413,0.034265,503094.32
1773801000000,2026-03-18 02:30,0.034265,0.035821,0.0333,0.034293,1262427.11
1773802800000,2026-03-18 03:00,0.034293,0.034657,0.03289,0.033999,967764.08
1773804600000,2026-03-18 03:30,0.033999,0.034039,0.033103,0.033483,755283.6
1773806400000,2026-03-18 04:00,0.033483,0.034189,0.033296,0.033819,671951.11
1773808200000,2026-03-18 04:30,0.033819,0.034108,0.033503,0.034108,624011.23
1773810000000,2026-03-18 05:00,0.034108,0.035,0.034072,0.034824,493056.63
1773811800000,2026-03-18 05:30,0.034824,0.034944,0.034,0.034586,693754.84
1773813600000,2026-03-18 06:00,0.034586,0.034698,0.03425,0.0346,594291.42
1773815400000,2026-03-18 06:30,0.0346,0.03495,0.034426,0.03495,574554.61
1773817200000,2026-03-18 07:00,0.03495,0.035076,0.03425,0.034699,573529.59
1773819000000,2026-03-18 07:30,0.034699,0.03495,0.034503,0.034722,443271.97
1773820800000,2026-03-18 08:00,0.034722,0.034722,0.033603,0.0343,661188.52
1773822600000,2026-03-18 08:30,0.0343,0.034741,0.034039,0.034557,618490.63
1773824400000,2026-03-18 09:00,0.034557,0.034639,0.034005,0.034479,473346.12
1773826200000,2026-03-18 09:30,0.034479,0.034684,0.034285,0.034373,603833.35
1773828000000,2026-03-18 10:00,0.034373,0.0347,0.03425,0.034488,401181.76
1773829800000,2026-03-18 10:30,0.034488,0.0347,0.034375,0.034659,368410.59
1773831600000,2026-03-18 11:00,0.034659,0.034754,0.034273,0.034526,644660.61
1773833400000,2026-03-18 11:30,0.034526,0.03454,0.0338,0.033856,509974.8
1773835200000,2026-03-18 12:00,0.033856,0.034156,0.032857,0.033504,787826.32
1773837000000,2026-03-18 12:30,0.033504,0.033825,0.0312,0.031283,957174.01
1773838800000,2026-03-18 13:00,0.031283,0.034606,0.0301,0.033184,1421482.58
1773840600000,2026-03-18 13:30,0.033184,0.033197,0.031144,0.032354,976927.32
1773842400000,2026-03-18 14:00,0.032354,0.033,0.031021,0.03171,870115.68
1773844200000,2026-03-18 14:30,0.03171,0.032316,0.03125,0.032316,557247.65
1773846000000,2026-03-18 15:00,0.032316,0.0334,0.032171,0.033219,711227.45
1773847800000,2026-03-18 15:30,0.033219,0.034145,0.033219,0.033753,599539.02
1773849600000,2026-03-18 16:00,0.033753,0.0342,0.033423,0.03413,532446.46
1773851400000,2026-03-18 16:30,0.03413,0.034385,0.033602,0.034385,619461.88
1773853200000,2026-03-18 17:00,0.034385,0.03502,0.034,0.03439,728865.69
1773855000000,2026-03-18 17:30,0.03439,0.038228,0.034267,0.034958,1063761.37
1773856800000,2026-03-18 18:00,0.034958,0.035,0.034579,0.034876,446932.03
1773858600000,2026-03-18 18:30,0.034876,0.034988,0.0345,0.034667,610080.8
1773860400000,2026-03-18 19:00,0.034667,0.035052,0.034561,0.034989,507950.87
1773862200000,2026-03-18 19:30,0.034989,0.035465,0.034861,0.03533,507110.23
1773864000000,2026-03-18 20:00,0.03533,0.035823,0.034802,0.03525,510257.37
1773865800000,2026-03-18 20:30,0.03525,0.03525,0.034616,0.034864,382544.22
1773867600000,2026-03-18 21:00,0.034864,0.035451,0.034669,0.03525,451350.92
1773869400000,2026-03-18 21:30,0.03525,0.0355,0.03488,0.035019,218254.04
1773871200000,2026-03-18 22:00,0.035019,0.035441,0.034669,0.03531,333609.87
1773873000000,2026-03-18 22:30,0.03531,0.036605,0.035233,0.036053,340140.7
1773874800000,2026-03-18 23:00,0.036053,0.036347,0.035539,0.035815,291164.75
1773876600000,2026-03-18 23:30,0.035815,0.036216,0.03525,0.036,217741.24
1773878400000,2026-03-19 00:00,0.036,0.0366,0.035646,0.03654,410345.63
1773880200000,2026-03-19 00:30,0.03654,0.037999,0.036317,0.037577,592935.55
1773882000000,2026-03-19 01:00,0.037577,0.037677,0.0368,0.037509,204697.42
1773883800000,2026-03-19 01:30,0.037509,0.037722,0.036592,0.037385,349818.07
1773885600000,2026-03-19 02:00,0.037385,0.03775,0.037,0.037312,285910.25
1773887400000,2026-03-19 02:30,0.037312,0.037447,0.036601,0.036701,152076.2
1773889200000,2026-03-19 03:00,0.036701,0.036998,0.0364,0.036437,330589.74
1773891000000,2026-03-19 03:30,0.036437,0.0366,0.035634,0.035785,313379.46
1773892800000,2026-03-19 04:00,0.035785,0.036107,0.035588,0.035744,225300.32
1773894600000,2026-03-19 04:30,0.035744,0.03675,0.035707,0.036257,295813.6
1773896400000,2026-03-19 05:00,0.036257,0.036258,0.034894,0.035183,299371.58
1773898200000,2026-03-19 05:30,0.035183,0.035783,0.034955,0.035721,222805.11
1773900000000,2026-03-19 06:00,0.035721,0.03595,0.035,0.035163,215087.22
1773901800000,2026-03-19 06:30,0.035163,0.035728,0.03414,0.035258,700405.26
1773903600000,2026-03-19 07:00,0.035258,0.035398,0.034288,0.034456,299120.34
1773905400000,2026-03-19 07:30,0.034456,0.035136,0.03425,0.034933,391330.39
1773907200000,2026-03-19 08:00,0.034933,0.035209,0.034639,0.035182,182013.12
1773909000000,2026-03-19 08:30,0.035182,0.035419,0.034119,0.034854,340704.1
1773910800000,2026-03-19 09:00,0.034854,0.034873,0.0338,0.0338,138427.5
1773912600000,2026-03-19 09:30,0.0338,0.033827,0.033101,0.033315,193962.19
1773914400000,2026-03-19 10:00,0.033315,0.033398,0.031184,0.032062,498504.51
1773916200000,2026-03-19 10:30,0.032062,0.033346,0.031939,0.033306,237975.26
1773918000000,2026-03-19 11:00,0.033306,0.033886,0.032997,0.033444,473343.53
1773919800000,2026-03-19 11:30,0.033444,0.034295,0.033231,0.034216,465493.15
1773921600000,2026-03-19 12:00,0.034216,0.036373,0.034003,0.035542,631464.74
1773923400000,2026-03-19 12:30,0.035542,0.038383,0.034212,0.034217,1125232.97
1773925200000,2026-03-19 13:00,0.034217,0.035156,0.034158,0.035143,833760.34
1773927000000,2026-03-19 13:30,0.035143,0.035386,0.034669,0.034922,623868.48
1773928800000,2026-03-19 14:00,0.034922,0.03494,0.034035,0.034235,692894.14
1773930600000,2026-03-19 14:30,0.034235,0.034421,0.0326,0.032842,602681.34
1773932400000,2026-03-19 15:00,0.032842,0.033525,0.032395,0.033478,342511.08
1773934200000,2026-03-19 15:30,0.033478,0.033588,0.032894,0.033037,440821.03
1773936000000,2026-03-19 16:00,0.033037,0.033254,0.032571,0.032749,384111.14
1773937800000,2026-03-19 16:30,0.032749,0.0328,0.031505,0.031913,505823.29
1773939600000,2026-03-19 17:00,0.031913,0.0328,0.0316,0.032799,188849.9
1773941400000,2026-03-19 17:30,0.032799,0.0328,0.032136,0.032174,274561.95
1773943200000,2026-03-19 18:00,0.032174,0.032583,0.032081,0.032329,339897.18
1773945000000,2026-03-19 18:30,0.032329,0.032409,0.031807,0.032053,171862.13
1773946800000,2026-03-19 19:00,0.032053,0.032462,0.031717,0.03205,199240.6
1773948600000,2026-03-19 19:30,0.03205,0.032316,0.031868,0.032165,206110.99
1773950400000,2026-03-19 20:00,0.032165,0.03234,0.0315,0.031736,285252.42
1773952200000,2026-03-19 20:30,0.031736,0.032394,0.031736,0.032194,200016.87
1773954000000,2026-03-19 21:00,0.032194,0.032316,0.031802,0.031851,159429.24
1773955800000,2026-03-19 21:30,0.031851,0.032043,0.031,0.031922,201889.34
1773957600000,2026-03-19 22:00,0.031922,0.032593,0.03191,0.032459,211917.64
1773959400000,2026-03-19 22:30,0.032459,0.03274,0.031829,0.031855,340790.6
1773961200000,2026-03-19 23:00,0.031855,0.0322,0.031635,0.03179,402790.68
1773963000000,2026-03-19 23:30,0.03179,0.032158,0.031629,0.031848,272902.21
1773964800000,2026-03-20 00:00,0.031848,0.031945,0.031105,0.031191,187939.85
1773966600000,2026-03-20 00:30,0.031191,0.031392,0.03078,0.031269,807250.07
1773968400000,2026-03-20 01:00,0.031269,0.032133,0.031237,0.031537,758156.61
1773970200000,2026-03-20 01:30,0.031537,0.0316,0.030286,0.030902,875042.14
1773972000000,2026-03-20 02:00,0.030902,0.031028,0.030093,0.030204,692356.49
1773973800000,2026-03-20 02:30,0.030204,0.030204,0.028126,0.029188,1237650.93
1773975600000,2026-03-20 03:00,0.029188,0.029507,0.028049,0.028049,561915.86
1773977400000,2026-03-20 03:30,0.028049,0.028224,0.024465,0.0258,1809792.18
1773979200000,2026-03-20 04:00,0.0258,0.02988,0.025741,0.028722,1682067.09
1773981000000,2026-03-20 04:30,0.028722,0.029678,0.028722,0.029244,874477.67
1773982800000,2026-03-20 05:00,0.029244,0.029461,0.027881,0.028574,868769.68
1773984600000,2026-03-20 05:30,0.028574,0.02891,0.028085,0.028862,671459.42
1773986400000,2026-03-20 06:00,0.028862,0.031894,0.028248,0.029141,2047227.77
1773988200000,2026-03-20 06:30,0.029141,0.029572,0.028718,0.029355,556478.51
1773990000000,2026-03-20 07:00,0.029355,0.029716,0.028806,0.028946,413372.97
1773991800000,2026-03-20 07:30,0.028946,0.02908,0.028244,0.028244,316118.69
1773993600000,2026-03-20 08:00,0.028244,0.028633,0.028085,0.028162,310522.24
1773995400000,2026-03-20 08:30,0.028162,0.028718,0.027668,0.0281,402460.34
1773997200000,2026-03-20 09:00,0.0281,0.0286,0.028083,0.028561,270627.11
1773999000000,2026-03-20 09:30,0.028561,0.029441,0.028514,0.029312,299878.91
1774000800000,2026-03-20 10:00,0.029312,0.029613,0.028566,0.028568,495730.34
1774002600000,2026-03-20 10:30,0.028568,0.028964,0.028533,0.028597,286064.47
1774004400000,2026-03-20 11:00,0.028597,0.028763,0.027897,0.028263,409211.59
1774006200000,2026-03-20 11:30,0.028263,0.028321,0.027555,0.028005,598404.71
1774008000000,2026-03-20 12:00,0.028005,0.028221,0.0278,0.028161,510343.97
1774009800000,2026-03-20 12:30,0.028161,0.028229,0.027922,0.028213,237673.19
1774011600000,2026-03-20 13:00,0.028213,0.0286,0.028002,0.028311,400689.05
1774013400000,2026-03-20 13:30,0.028311,0.028442,0.027975,0.028028,259451.76
1774015200000,2026-03-20 14:00,0.028028,0.028092,0.027434,0.027909,975581.99
1774017000000,2026-03-20 14:30,0.027909,0.028082,0.027829,0.028011,699590.07
1774018800000,2026-03-20 15:00,0.028011,0.02806,0.0276,0.027689,801780.24
1774020600000,2026-03-20 15:30,0.027689,0.0278,0.025402,0.025999,1022295.5
1774022400000,2026-03-20 16:00,0.025999,0.026663,0.025,0.026408,1045030.62
1774024200000,2026-03-20 16:30,0.026408,0.027797,0.026279,0.027519,796094.37
1774026000000,2026-03-20 17:00,0.027519,0.027765,0.027113,0.027573,734880.23
1774027800000,2026-03-20 17:30,0.027573,0.028172,0.027562,0.027938,614599.22
1774029600000,2026-03-20 18:00,0.027938,0.028084,0.027654,0.028006,464033.11
1774031400000,2026-03-20 18:30,0.028006,0.02817,0.027857,0.027999,355461.82
1774033200000,2026-03-20 19:00,0.027999,0.028533,0.027857,0.028363,314646.58
1774035000000,2026-03-20 19:30,0.028363,0.028598,0.028188,0.028358,244551.11
1774036800000,2026-03-20 20:00,0.028358,0.028622,0.02834,0.028465,82008.17
1774038600000,2026-03-20 20:30,0.028465,0.028622,0.0276,0.027881,314682.95
1774040400000,2026-03-20 21:00,0.027881,0.028077,0.027625,0.027913,370240.59
1774042200000,2026-03-20 21:30,0.027913,0.028088,0.026756,0.02723,551405.8
1774044000000,2026-03-20 22:00,0.02723,0.0278,0.027003,0.027799,430080.64
1774045800000,2026-03-20 22:30,0.027799,0.028298,0.0276,0.028265,307034.68
1774047600000,2026-03-20 23:00,0.028265,0.028332,0.02766,0.028317,624529.78
1774049400000,2026-03-20 23:30,0.028317,0.028416,0.027955,0.028095,353994.6
1774051200000,2026-03-21 00:00,0.028095,0.028359,0.027889,0.028146,267386.34
1774053000000,2026-03-21 00:30,0.028146,0.028632,0.027931,0.028314,289781.12
1774054800000,2026-03-21 01:00,0.028314,0.0288,0.028236,0.028797,315598.73
1774056600000,2026-03-21 01:30,0.028797,0.030241,0.028742,0.029688,497262.12
1774058400000,2026-03-21 02:00,0.029688,0.029968,0.028361,0.028424,328088.84
1774060200000,2026-03-21 02:30,0.028424,0.028515,0.0272,0.028015,592672.09
1774062000000,2026-03-21 03:00,0.028015,0.028193,0.027647,0.027991,329319.32
1774063800000,2026-03-21 03:30,0.027991,0.028165,0.027835,0.028077,139888.1
1774065600000,2026-03-21 04:00,0.028077,0.029041,0.027905,0.028992,236758.64
1774067400000,2026-03-21 04:30,0.028992,0.029141,0.028375,0.02853,148040.76
1774069200000,2026-03-21 05:00,0.02853,0.0286,0.027744,0.027942,289941.62
1774071000000,2026-03-21 05:30,0.027942,0.029268,0.027834,0.029019,358682.43
1774072800000,2026-03-21 06:00,0.029019,0.0299,0.029019,0.029653,178178.14
1774074600000,2026-03-21 06:30,0.029653,0.034569,0.029555,0.03275,1291489.55
1774076400000,2026-03-21 07:00,0.03275,0.032963,0.031603,0.032784,313021.81
1774078200000,2026-03-21 07:30,0.032784,0.034501,0.031733,0.032093,923613.66
1774080000000,2026-03-21 08:00,0.032093,0.033998,0.029855,0.03177,3148004.53
1774081800000,2026-03-21 08:30,0.03177,0.03188,0.030012,0.0307,1344041.51
1774083600000,2026-03-21 09:00,0.0307,0.031278,0.0306,0.030639,172717.37
1774085400000,2026-03-21 09:30,0.030639,0.030801,0.029719,0.029722,116189.49
1774087200000,2026-03-21 10:00,0.029722,0.029931,0.0292,0.02972,361119.66
1774089000000,2026-03-21 10:30,0.02972,0.02972,0.028626,0.028902,248931.84
1774090800000,2026-03-21 11:00,0.028902,0.030486,0.028902,0.0302,234596.74
1774092600000,2026-03-21 11:30,0.0302,0.032345,0.030049,0.031733,788874.66
1774094400000,2026-03-21 12:00,0.031733,0.032455,0.031141,0.031582,752613.46
1774096200000,2026-03-21 12:30,0.031582,0.031915,0.030692,0.031198,297386.47
1774098000000,2026-03-21 13:00,0.031198,0.031703,0.030764,0.031541,296593.52
1774099800000,2026-03-21 13:30,0.031541,0.0323,0.031068,0.031182,443591.57
1774101600000,2026-03-21 14:00,0.031182,0.031674,0.030086,0.030086,210187.09
1774103400000,2026-03-21 14:30,0.030086,0.030701,0.029776,0.0302,357730.46
1774105200000,2026-03-21 15:00,0.0302,0.030817,0.030007,0.030302,320656.13
1774107000000,2026-03-21 15:30,0.030302,0.030933,0.0302,0.030742,168584.44
1774108800000,2026-03-21 16:00,0.030742,0.030931,0.030084,0.030407,152230.61
1774110600000,2026-03-21 16:30,0.030407,0.030517,0.029597,0.029597,147655.86
1774112400000,2026-03-21 17:00,0.029597,0.030356,0.029479,0.030189,170549.12
1774114200000,2026-03-21 17:30,0.030189,0.030366,0.029734,0.030088,263527.8
1774116000000,2026-03-21 18:00,0.030088,0.030505,0.029688,0.030399,136981.51
1774117800000,2026-03-21 18:30,0.030399,0.030399,0.030001,0.030042,100400.95
1774119600000,2026-03-21 19:00,0.030042,0.03012,0.029466,0.029518,106027.47
1774121400000,2026-03-21 19:30,0.029518,0.02955,0.0285,0.028644,169970.67
1774123200000,2026-03-21 20:00,0.028644,0.02923,0.028401,0.028476,96945.32
1774125000000,2026-03-21 20:30,0.028476,0.029143,0.028295,0.028681,214879.6
1774126800000,2026-03-21 21:00,0.028681,0.029156,0.028529,0.028923,67778.03
1774128600000,2026-03-21 21:30,0.028923,0.029216,0.028709,0.029198,70335.69
1774130400000,2026-03-21 22:00,0.029198,0.029408,0.028557,0.028785,97018.38
1774132200000,2026-03-21 22:30,0.028785,0.029153,0.028567,0.028679,121786.4
1774134000000,2026-03-21 23:00,0.028679,0.029797,0.028504,0.029492,165648.12
1774135800000,2026-03-21 23:30,0.029492,0.030733,0.029492,0.030452,606906.38
1774137600000,2026-03-22 00:00,0.030452,0.031047,0.029743,0.030685,757775.69
1774139400000,2026-03-22 00:30,0.030685,0.031129,0.030396,0.030716,241354.51
1774141200000,2026-03-22 01:00,0.030716,0.0308,0.02949,0.029539,239365.05
1774143000000,2026-03-22 01:30,0.029539,0.029697,0.028862,0.029255,450626.18
1774144800000,2026-03-22 02:00,0.029255,0.029851,0.028849,0.029619,222868.05
1774146600000,2026-03-22 02:30,0.029619,0.030081,0.029285,0.029493,242231.99
1774148400000,2026-03-22 03:00,0.029493,0.029715,0.02919,0.02941,109327.65
1774150200000,2026-03-22 03:30,0.02941,0.02968,0.029,0.02968,206057.78
1774152000000,2026-03-22 04:00,0.02968,0.03003,0.029574,0.029645,272849.32
1774153800000,2026-03-22 04:30,0.029645,0.029851,0.029466,0.029755,112015.11
1774155600000,2026-03-22 05:00,0.029755,0.029756,0.0292,0.0292,350828.49
1774157400000,2026-03-22 05:30,0.0292,0.029731,0.029024,0.029303,263053.19
1774159200000,2026-03-22 06:00,0.029303,0.029653,0.028912,0.02904,284411.8
1774161000000,2026-03-22 06:30,0.02904,0.029219,0.028818,0.028919,248052.23
1774162800000,2026-03-22 07:00,0.028919,0.02939,0.02868,0.029258,267559.11
1774164600000,2026-03-22 07:30,0.029258,0.029328,0.028605,0.028791,171910.01
1774166400000,2026-03-22 08:00,0.028791,0.028821,0.028321,0.028473,163129.54
1774168200000,2026-03-22 08:30,0.028473,0.028563,0.027772,0.027982,361565.22
1774170000000,2026-03-22 09:00,0.027982,0.02824,0.027041,0.027165,397618.57
1774171800000,2026-03-22 09:30,0.027165,0.028085,0.027159,0.027841,308146.27
1774173600000,2026-03-22 10:00,0.027841,0.027903,0.026727,0.027006,380403.82
1774175400000,2026-03-22 10:30,0.027006,0.0272,0.026664,0.026954,439755.42
1774177200000,2026-03-22 11:00,0.026954,0.0272,0.0268,0.027036,206014.07
1774179000000,2026-03-22 11:30,0.027036,0.027485,0.026751,0.026969,363943.54
1774180800000,2026-03-22 12:00,0.026969,0.027179,0.026573,0.026904,370167.14
1774182600000,2026-03-22 12:30,0.026904,0.027391,0.026878,0.027002,237828.09
1774184400000,2026-03-22 13:00,0.027002,0.027227,0.026727,0.027138,243711.35
1774186200000,2026-03-22 13:30,0.027138,0.029731,0.026891,0.029259,547287.57
1774188000000,2026-03-22 14:00,0.029259,0.029787,0.028055,0.028831,459971.91
1774189800000,2026-03-22 14:30,0.028831,0.02894,0.028262,0.028343,158840.93
1774191600000,2026-03-22 15:00,0.028343,0.028401,0.026924,0.027449,353852.56
1774193400000,2026-03-22 15:30,0.027449,0.027935,0.02741,0.027935,142775.06
1774195200000,2026-03-22 16:00,0.027935,0.028248,0.027822,0.028126,120805.64
1774197000000,2026-03-22 16:30,0.028126,0.028529,0.0278,0.027979,177047.28
1774198800000,2026-03-22 17:00,0.027979,0.027979,0.026868,0.027341,213293.08
1774200600000,2026-03-22 17:30,0.027341,0.027537,0.026959,0.027014,221461.86
1774202400000,2026-03-22 18:00,0.027014,0.027298,0.026734,0.026959,326950.04
1774204200000,2026-03-22 18:30,0.026959,0.027251,0.026761,0.026901,265325.61
1774206000000,2026-03-22 19:00,0.026901,0.027018,0.026801,0.027008,193898.75
1774207800000,2026-03-22 19:30,0.027008,0.027197,0.026809,0.027004,115459.97
1774209600000,2026-03-22 20:00,0.027004,0.027069,0.0268,0.02686,172530.71
1774211400000,2026-03-22 20:30,0.02686,0.027032,0.026723,0.026968,244038.16
1774213200000,2026-03-22 21:00,0.026968,0.027116,0.0268,0.027116,88526.68
1774215000000,2026-03-22 21:30,0.027116,0.027963,0.027091,0.027781,98474.91
1774216800000,2026-03-22 22:00,0.027781,0.027782,0.0272,0.027205,61409.2
1774218600000,2026-03-22 22:30,0.027205,0.027222,0.026838,0.027121,144700.18
1774220400000,2026-03-22 23:00,0.027121,0.027293,0.026896,0.02719,112357.07
1774222200000,2026-03-22 23:30,0.02719,0.027549,0.02719,0.027333,82656.74
1774224000000,2026-03-23 00:00,0.027333,0.027429,0.0267,0.027031,245658.58
1774225800000,2026-03-23 00:30,0.027031,0.027086,0.026781,0.027037,103629.83
1774227600000,2026-03-23 01:00,0.027037,0.027501,0.026537,0.027059,474395.83
1774229400000,2026-03-23 01:30,0.027059,0.027059,0.0266,0.026785,297305.22
1774231200000,2026-03-23 02:00,0.026785,0.027023,0.026581,0.026852,321211.66
1774233000000,2026-03-23 02:30,0.026852,0.027074,0.026568,0.02692,253555.55
1774234800000,2026-03-23 03:00,0.02692,0.026957,0.026631,0.026847,261785.67
1774236600000,2026-03-23 03:30,0.026847,0.026893,0.026466,0.026835,247098.03
1774238400000,2026-03-23 04:00,0.026835,0.026896,0.026465,0.026498,414485.17
1774240200000,2026-03-23 04:30,0.026498,0.026618,0.025429,0.026418,438639.72
1774242000000,2026-03-23 05:00,0.026418,0.026453,0.025785,0.026003,413203.99
1774243800000,2026-03-23 05:30,0.026003,0.026293,0.025638,0.025638,196499.49
1774245600000,2026-03-23 06:00,0.025638,0.025998,0.0254,0.025643,224312.15
1774247400000,2026-03-23 06:30,0.025643,0.025874,0.024743,0.025022,175359.84
1774249200000,2026-03-23 07:00,0.025022,0.02524,0.024832,0.025194,153463.99
1774251000000,2026-03-23 07:30,0.025194,0.025199,0.024721,0.02505,174079.96
1774252800000,2026-03-23 08:00,0.02505,0.02505,0.0243,0.024553,767673.67
1774254600000,2026-03-23 08:30,0.024553,0.0254,0.0244,0.025399,325529.59
1774256400000,2026-03-23 09:00,0.025399,0.025521,0.0241,0.024184,1044516.98
1774258200000,2026-03-23 09:30,0.024184,0.024473,0.0241,0.024284,563803.95
1774260000000,2026-03-23 10:00,0.024284,0.025075,0.024284,0.025019,376852.44
1774261800000,2026-03-23 10:30,0.025019,0.025088,0.024522,0.025023,438305.66
1774263600000,2026-03-23 11:00,0.025023,0.025174,0.0246,0.024946,641577.5
1774265400000,2026-03-23 11:30,0.024946,0.025234,0.024919,0.025001,248653.01
1774267200000,2026-03-23 12:00,0.025001,0.025316,0.024874,0.025007,134423.08
1774269000000,2026-03-23 12:30,0.025007,0.025199,0.0234,0.023435,1138545.97
1774270800000,2026-03-23 13:00,0.023435,0.023758,0.023349,0.023545,338953.24
1774272600000,2026-03-23 13:30,0.023545,0.023934,0.023324,0.023929,535223.57
1774274400000,2026-03-23 14:00,0.023929,0.024368,0.023731,0.02403,228717.74
1774276200000,2026-03-23 14:30,0.02403,0.024238,0.023792,0.024049,257615.75
1774278000000,2026-03-23 15:00,0.024049,0.024798,0.02376,0.024017,384227.07
1774279800000,2026-03-23 15:30,0.024017,0.024236,0.023864,0.024084,273516.59
1774281600000,2026-03-23 16:00,0.024084,0.024084,0.023777,0.023948,274128.22
1774283400000,2026-03-23 16:30,0.023948,0.024172,0.023913,0.023949,126967.15
1774285200000,2026-03-23 17:00,0.023949,0.0242,0.023891,0.024003,196639.06
1774287000000,2026-03-23 17:30,0.024003,0.02419,0.023894,0.024001,48328.33
1774288800000,2026-03-23 18:00,0.024001,0.024282,0.023836,0.024025,138770.74
1774290600000,2026-03-23 18:30,0.024025,0.024155,0.023843,0.024082,61220.73
1774292400000,2026-03-23 19:00,0.024082,0.024147,0.02387,0.024147,57261.99
1774294200000,2026-03-23 19:30,0.024147,0.024147,0.023818,0.02402,274040.32
1774296000000,2026-03-23 20:00,0.02402,0.02414,0.023865,0.023865,109073.51
1774297800000,2026-03-23 20:30,0.023865,0.024139,0.0238,0.024018,131457.69
1774299600000,2026-03-23 21:00,0.024018,0.024237,0.023955,0.024019,31476.05
1774301400000,2026-03-23 21:30,0.024019,0.024599,0.024,0.0243,170623.4
1774303200000,2026-03-23 22:00,0.0243,0.0246,0.024213,0.024369,80087.71
1774305000000,2026-03-23 22:30,0.024369,0.025038,0.024323,0.024662,308784.87
1774306800000,2026-03-23 23:00,0.024662,0.024757,0.024042,0.024249,334846.21
1774308600000,2026-03-23 23:30,0.024249,0.025798,0.02422,0.025115,721508.69
1774310400000,2026-03-24 00:00,0.025115,0.0258,0.0248,0.025344,304328.07
1774312200000,2026-03-24 00:30,0.025344,0.025793,0.024937,0.025572,208319.32
1774314000000,2026-03-24 01:00,0.025572,0.02574,0.025419,0.02545,89471.3
1774315800000,2026-03-24 01:30,0.02545,0.025556,0.025167,0.02535,144771.77
1774317600000,2026-03-24 02:00,0.02535,0.025778,0.02535,0.025581,74914.13
1774319400000,2026-03-24 02:30,0.025581,0.026258,0.025574,0.026258,279575.33
1774321200000,2026-03-24 03:00,0.026258,0.026594,0.025895,0.026594,471346.3
1774323000000,2026-03-24 03:30,0.026594,0.026594,0.026036,0.026439,483025.57
1774324800000,2026-03-24 04:00,0.026439,0.02871,0.026439,0.027998,581834.5
1774326600000,2026-03-24 04:30,0.027998,0.0284,0.027162,0.02782,506912.27
1774328400000,2026-03-24 05:00,0.02782,0.0298,0.0274,0.029148,1157499.17
1774330200000,2026-03-24 05:30,0.029148,0.030914,0.028646,0.029052,563176.26
1774332000000,2026-03-24 06:00,0.029052,0.029601,0.028772,0.029147,283415.0
