timestamp,open,high,low,close,volume,datetime
1774127700000,0.04118,0.04121,0.04118,0.04121,923.4,2026-03-21 21:15:00+00:00
1774128600000,0.04121,0.04122,0.04117,0.04119,27540.2,2026-03-21 21:30:00+00:00
1774129500000,0.04119,0.04119,0.04109,0.04112,12095.1,2026-03-21 21:45:00+00:00
1774130400000,0.04112,0.04112,0.04092,0.04101,19827.5,2026-03-21 22:00:00+00:00
1774131300000,0.04101,0.04114,0.04101,0.04114,79525.7,2026-03-21 22:15:00+00:00
1774132200000,0.04114,0.04119,0.04114,0.04119,46462.2,2026-03-21 22:30:00+00:00
1774133100000,0.04119,0.04119,0.04101,0.04101,83356.1,2026-03-21 22:45:00+00:00
1774134000000,0.04101,0.04102,0.04095,0.04095,7592.4,2026-03-21 23:00:00+00:00
1774134900000,0.04095,0.04097,0.04083,0.04091,21206.2,2026-03-21 23:15:00+00:00
1774135800000,0.04091,0.04096,0.04091,0.04096,1725.0,2026-03-21 23:30:00+00:00
1774136700000,0.04096,0.04096,0.0399,0.0401,502844.1,2026-03-21 23:45:00+00:00
1774137600000,0.0401,0.04034,0.03975,0.04017,133727.5,2026-03-22 00:00:00+00:00
1774138500000,0.04017,0.04035,0.04015,0.04029,16344.8,2026-03-22 00:15:00+00:00
1774139400000,0.04029,0.04039,0.04022,0.04026,21630.4,2026-03-22 00:30:00+00:00
1774140300000,0.04026,0.0403,0.04009,0.04009,59417.0,2026-03-22 00:45:00+00:00
1774141200000,0.04009,0.04016,0.04,0.04,23950.6,2026-03-22 01:00:00+00:00
1774142100000,0.04,0.04005,0.03991,0.03995,20581.3,2026-03-22 01:15:00+00:00
1774143000000,0.03995,0.04,0.03991,0.03994,13036.6,2026-03-22 01:30:00+00:00
1774143900000,0.03994,0.0401,0.03994,0.0401,659.5,2026-03-22 01:45:00+00:00
1774144800000,0.0401,0.04015,0.0401,0.0401,2810.9,2026-03-22 02:00:00+00:00
1774145700000,0.0401,0.04042,0.0401,0.04042,2453.0,2026-03-22 02:15:00+00:00
1774146600000,0.04042,0.04042,0.0402,0.04021,8627.0,2026-03-22 02:30:00+00:00
1774147500000,0.04021,0.04026,0.0402,0.04022,2075.3,2026-03-22 02:45:00+00:00
1774148400000,0.04022,0.04025,0.04012,0.04025,2131.8,2026-03-22 03:00:00+00:00
1774149300000,0.04025,0.04045,0.04025,0.04043,48790.0,2026-03-22 03:15:00+00:00
1774150200000,0.04043,0.04051,0.04024,0.04028,26332.9,2026-03-22 03:30:00+00:00
1774151100000,0.04028,0.04028,0.04017,0.04017,742.1,2026-03-22 03:45:00+00:00
1774152000000,0.04017,0.04024,0.04016,0.04019,7507.2,2026-03-22 04:00:00+00:00
1774152900000,0.04019,0.04023,0.0401,0.04013,9811.2,2026-03-22 04:15:00+00:00
1774153800000,0.04013,0.04022,0.04012,0.04022,2863.2,2026-03-22 04:30:00+00:00
1774154700000,0.04022,0.04022,0.04019,0.04019,1487.3,2026-03-22 04:45:00+00:00
1774155600000,0.04019,0.04019,0.04014,0.04018,1980.1,2026-03-22 05:00:00+00:00
1774156500000,0.04018,0.04018,0.03999,0.03999,33721.9,2026-03-22 05:15:00+00:00
1774157400000,0.03999,0.03999,0.03998,0.03998,388.2,2026-03-22 05:30:00+00:00
1774158300000,0.03998,0.04007,0.03998,0.04007,749.8,2026-03-22 05:45:00+00:00
1774159200000,0.04007,0.04007,0.03981,0.03981,17168.1,2026-03-22 06:00:00+00:00
1774160100000,0.03981,0.03986,0.03978,0.03978,1659.3,2026-03-22 06:15:00+00:00
1774161000000,0.03978,0.03983,0.03977,0.03983,1956.9,2026-03-22 06:30:00+00:00
1774161900000,0.03983,0.03983,0.03983,0.03983,0.0,2026-03-22 06:45:00+00:00
1774162800000,0.03983,0.03989,0.03977,0.03977,10626.8,2026-03-22 07:00:00+00:00
1774163700000,0.03977,0.03977,0.03977,0.03977,0.0,2026-03-22 07:15:00+00:00
1774164600000,0.03977,0.03978,0.03968,0.03968,147396.3,2026-03-22 07:30:00+00:00
1774165500000,0.03968,0.04006,0.03966,0.03977,167225.5,2026-03-22 07:45:00+00:00
1774166400000,0.03977,0.03977,0.03943,0.03963,96277.4,2026-03-22 08:00:00+00:00
1774167300000,0.03963,0.03963,0.03945,0.03945,25845.5,2026-03-22 08:15:00+00:00
1774168200000,0.03945,0.03978,0.03945,0.03976,5418.3,2026-03-22 08:30:00+00:00
1774169100000,0.03976,0.03979,0.03969,0.03976,9475.2,2026-03-22 08:45:00+00:00
1774170000000,0.03976,0.03993,0.03974,0.03993,5202.2,2026-03-22 09:00:00+00:00
1774170900000,0.03993,0.03998,0.03993,0.03998,11462.4,2026-03-22 09:15:00+00:00
1774171800000,0.03998,0.04,0.03988,0.04,1324.6,2026-03-22 09:30:00+00:00
1774172700000,0.04,0.04,0.04,0.04,0.0,2026-03-22 09:45:00+00:00
1774173600000,0.04,0.04004,0.03989,0.03989,12994.2,2026-03-22 10:00:00+00:00
1774174500000,0.03989,0.04001,0.03989,0.03996,16218.2,2026-03-22 10:15:00+00:00
1774175400000,0.03996,0.04002,0.03987,0.03996,9282.1,2026-03-22 10:30:00+00:00
1774176300000,0.03996,0.03996,0.03986,0.03986,1533.8,2026-03-22 10:45:00+00:00
1774177200000,0.03986,0.04007,0.03986,0.03997,12609.5,2026-03-22 11:00:00+00:00
1774178100000,0.03997,0.04003,0.03989,0.03989,2068.3,2026-03-22 11:15:00+00:00
1774179000000,0.03989,0.04006,0.03989,0.03997,29525.6,2026-03-22 11:30:00+00:00
1774179900000,0.03997,0.04007,0.03995,0.03995,4637.4,2026-03-22 11:45:00+00:00
1774180800000,0.03995,0.04001,0.03993,0.03994,6912.3,2026-03-22 12:00:00+00:00
1774181700000,0.03994,0.04008,0.03994,0.04008,5712.9,2026-03-22 12:15:00+00:00
1774182600000,0.04008,0.04014,0.03995,0.04007,62757.6,2026-03-22 12:30:00+00:00
1774183500000,0.04007,0.04007,0.04001,0.04006,730.2,2026-03-22 12:45:00+00:00
1774184400000,0.04006,0.04022,0.04003,0.04013,12451.7,2026-03-22 13:00:00+00:00
1774185300000,0.04013,0.04056,0.04013,0.04028,29130.1,2026-03-22 13:15:00+00:00
1774186200000,0.04028,0.04028,0.04016,0.04016,6078.9,2026-03-22 13:30:00+00:00
1774187100000,0.04016,0.04017,0.04005,0.04017,8001.8,2026-03-22 13:45:00+00:00
1774188000000,0.04017,0.04019,0.04015,0.04019,3117.1,2026-03-22 14:00:00+00:00
1774188900000,0.04019,0.04036,0.04019,0.04036,446.9,2026-03-22 14:15:00+00:00
1774189800000,0.04036,0.04046,0.04036,0.04044,792.1,2026-03-22 14:30:00+00:00
1774190700000,0.04044,0.04044,0.04035,0.04036,3054.0,2026-03-22 14:45:00+00:00
1774191600000,0.04036,0.04064,0.04028,0.04048,64265.9,2026-03-22 15:00:00+00:00
1774192500000,0.04048,0.04057,0.04048,0.04057,6221.5,2026-03-22 15:15:00+00:00
1774193400000,0.04057,0.04057,0.04016,0.04029,39431.6,2026-03-22 15:30:00+00:00
1774194300000,0.04029,0.04043,0.04029,0.04043,27192.0,2026-03-22 15:45:00+00:00
1774195200000,0.04043,0.04048,0.04039,0.04048,14332.3,2026-03-22 16:00:00+00:00
1774196100000,0.04048,0.04048,0.04046,0.04046,346.5,2026-03-22 16:15:00+00:00
1774197000000,0.04046,0.04046,0.0403,0.04037,3055.7,2026-03-22 16:30:00+00:00
1774197900000,0.04037,0.04042,0.04034,0.04037,3633.5,2026-03-22 16:45:00+00:00
1774198800000,0.04037,0.04037,0.04016,0.04018,13977.6,2026-03-22 17:00:00+00:00
1774199700000,0.04018,0.04022,0.04015,0.04015,9532.1,2026-03-22 17:15:00+00:00
1774200600000,0.04015,0.04015,0.04001,0.04001,9015.1,2026-03-22 17:30:00+00:00
1774201500000,0.04001,0.04012,0.04001,0.04012,12593.3,2026-03-22 17:45:00+00:00
1774202400000,0.04012,0.04012,0.0399,0.03992,18095.9,2026-03-22 18:00:00+00:00
1774203300000,0.03992,0.04,0.03992,0.04,15355.7,2026-03-22 18:15:00+00:00
1774204200000,0.04,0.04,0.03959,0.03971,85372.4,2026-03-22 18:30:00+00:00
1774205100000,0.03971,0.03977,0.03968,0.03977,4146.2,2026-03-22 18:45:00+00:00
1774206000000,0.03977,0.03983,0.03968,0.03969,57912.6,2026-03-22 19:00:00+00:00
1774206900000,0.03969,0.03969,0.03958,0.03961,29676.5,2026-03-22 19:15:00+00:00
1774207800000,0.03961,0.0398,0.03959,0.0398,22450.4,2026-03-22 19:30:00+00:00
1774208700000,0.0398,0.03988,0.03979,0.03988,18171.5,2026-03-22 19:45:00+00:00
1774209600000,0.03988,0.03988,0.03983,0.03983,1657.2,2026-03-22 20:00:00+00:00
1774210500000,0.03983,0.04002,0.03982,0.03989,44678.3,2026-03-22 20:15:00+00:00
1774211400000,0.03989,0.03989,0.03978,0.03986,3469.4,2026-03-22 20:30:00+00:00
1774212300000,0.03986,0.03986,0.03981,0.03985,54250.8,2026-03-22 20:45:00+00:00
1774213200000,0.03985,0.03995,0.03952,0.03968,63200.1,2026-03-22 21:00:00+00:00
1774214100000,0.03968,0.03968,0.03935,0.03947,6943.8,2026-03-22 21:15:00+00:00
1774215000000,0.03947,0.03963,0.03945,0.03959,39840.8,2026-03-22 21:30:00+00:00
1774215900000,0.03959,0.03959,0.03954,0.03955,401.9,2026-03-22 21:45:00+00:00
1774216800000,0.03955,0.03955,0.03936,0.03951,12444.3,2026-03-22 22:00:00+00:00
1774217700000,0.03951,0.03989,0.03943,0.03987,98694.2,2026-03-22 22:15:00+00:00
1774218600000,0.03987,0.03988,0.03976,0.03977,13654.5,2026-03-22 22:30:00+00:00
1774219500000,0.03977,0.03981,0.03976,0.0398,7528.4,2026-03-22 22:45:00+00:00
1774220400000,0.0398,0.03998,0.0398,0.03998,9000.8,2026-03-22 23:00:00+00:00
1774221300000,0.03998,0.03998,0.03982,0.03983,2572.0,2026-03-22 23:15:00+00:00
1774222200000,0.03983,0.03985,0.0398,0.03981,17140.7,2026-03-22 23:30:00+00:00
1774223100000,0.03981,0.03981,0.03962,0.03962,201.9,2026-03-22 23:45:00+00:00
1774224000000,0.03962,0.03981,0.03962,0.03978,9450.9,2026-03-23 00:00:00+00:00
1774224900000,0.03978,0.03979,0.03968,0.03974,20004.6,2026-03-23 00:15:00+00:00
1774225800000,0.03974,0.03974,0.0394,0.03942,8420.0,2026-03-23 00:30:00+00:00
1774226700000,0.03942,0.0397,0.03942,0.03962,20122.5,2026-03-23 00:45:00+00:00
1774227600000,0.03962,0.03971,0.03949,0.0396,52344.0,2026-03-23 01:00:00+00:00
1774228500000,0.0396,0.0397,0.0396,0.0397,6746.0,2026-03-23 01:15:00+00:00
1774229400000,0.0397,0.03983,0.0397,0.03979,8051.5,2026-03-23 01:30:00+00:00
1774230300000,0.03979,0.03981,0.03974,0.03975,8266.8,2026-03-23 01:45:00+00:00
1774231200000,0.03975,0.0398,0.03975,0.03977,27223.0,2026-03-23 02:00:00+00:00
1774232100000,0.03977,0.04029,0.03976,0.04023,38802.4,2026-03-23 02:15:00+00:00
1774233000000,0.04023,0.04024,0.04015,0.04022,4697.1,2026-03-23 02:30:00+00:00
1774233900000,0.04022,0.04022,0.0402,0.04021,456.2,2026-03-23 02:45:00+00:00
1774234800000,0.04021,0.04041,0.04021,0.04026,55001.3,2026-03-23 03:00:00+00:00
1774235700000,0.04026,0.04026,0.04019,0.0402,14781.8,2026-03-23 03:15:00+00:00
1774236600000,0.0402,0.04026,0.04018,0.04023,7623.0,2026-03-23 03:30:00+00:00
1774237500000,0.04023,0.04023,0.04014,0.04018,3957.5,2026-03-23 03:45:00+00:00
1774238400000,0.04018,0.04018,0.04011,0.04015,847.3,2026-03-23 04:00:00+00:00
1774239300000,0.04015,0.04019,0.04015,0.04019,5409.3,2026-03-23 04:15:00+00:00
1774240200000,0.04019,0.04024,0.04019,0.04024,223.6,2026-03-23 04:30:00+00:00
1774241100000,0.04024,0.04048,0.04024,0.04048,1161.7,2026-03-23 04:45:00+00:00
1774242000000,0.04048,0.04052,0.04038,0.0404,7586.0,2026-03-23 05:00:00+00:00
1774242900000,0.0404,0.0404,0.04038,0.04038,768.0,2026-03-23 05:15:00+00:00
1774243800000,0.04038,0.04038,0.04019,0.04019,714.0,2026-03-23 05:30:00+00:00
1774244700000,0.04019,0.0402,0.04016,0.04016,36699.3,2026-03-23 05:45:00+00:00
1774245600000,0.04016,0.04019,0.04005,0.04005,76554.8,2026-03-23 06:00:00+00:00
1774246500000,0.04005,0.04005,0.04,0.04001,85708.9,2026-03-23 06:15:00+00:00
1774247400000,0.04001,0.04001,0.03968,0.03968,31620.6,2026-03-23 06:30:00+00:00
1774248300000,0.03968,0.03978,0.03956,0.03975,30742.3,2026-03-23 06:45:00+00:00
1774249200000,0.03975,0.0398,0.03964,0.0398,15058.6,2026-03-23 07:00:00+00:00
1774250100000,0.0398,0.03981,0.03955,0.0398,76992.5,2026-03-23 07:15:00+00:00
1774251000000,0.0398,0.04001,0.03969,0.04001,7452.7,2026-03-23 07:30:00+00:00
1774251900000,0.04001,0.04004,0.03987,0.03987,3892.5,2026-03-23 07:45:00+00:00
1774252800000,0.03987,0.03991,0.03987,0.03989,3017.3,2026-03-23 08:00:00+00:00
1774253700000,0.03989,0.03989,0.03987,0.03988,5337.5,2026-03-23 08:15:00+00:00
1774254600000,0.03988,0.03989,0.03981,0.03982,2121.1,2026-03-23 08:30:00+00:00
1774255500000,0.03982,0.03982,0.03952,0.03969,54931.4,2026-03-23 08:45:00+00:00
1774256400000,0.03969,0.03969,0.03958,0.03961,3273.0,2026-03-23 09:00:00+00:00
1774257300000,0.03961,0.03978,0.03961,0.03969,13304.8,2026-03-23 09:15:00+00:00
1774258200000,0.03969,0.03981,0.03968,0.03981,5565.4,2026-03-23 09:30:00+00:00
1774259100000,0.03981,0.04007,0.03981,0.04007,1569.2,2026-03-23 09:45:00+00:00
1774260000000,0.04007,0.04008,0.04002,0.04008,524.7,2026-03-23 10:00:00+00:00
1774260900000,0.04008,0.04011,0.04005,0.04005,2639.0,2026-03-23 10:15:00+00:00
1774261800000,0.04005,0.04005,0.03989,0.0399,1303.2,2026-03-23 10:30:00+00:00
1774262700000,0.0399,0.0399,0.03979,0.03988,38874.0,2026-03-23 10:45:00+00:00
1774263600000,0.03988,0.0414,0.03988,0.04129,407166.4,2026-03-23 11:00:00+00:00
1774264500000,0.04129,0.04129,0.04083,0.04118,27982.1,2026-03-23 11:15:00+00:00
1774265400000,0.04118,0.0415,0.04118,0.0415,10833.1,2026-03-23 11:30:00+00:00
1774266300000,0.0415,0.0415,0.04129,0.04141,4853.4,2026-03-23 11:45:00+00:00
1774267200000,0.04141,0.04141,0.04096,0.04129,20799.9,2026-03-23 12:00:00+00:00
1774268100000,0.04129,0.04131,0.04119,0.04125,5593.0,2026-03-23 12:15:00+00:00
1774269000000,0.04125,0.04141,0.04125,0.04141,10207.1,2026-03-23 12:30:00+00:00
1774269900000,0.04141,0.04141,0.04141,0.04141,0.0,2026-03-23 12:45:00+00:00
1774270800000,0.04141,0.04159,0.04141,0.04158,4977.1,2026-03-23 13:00:00+00:00
1774271700000,0.04158,0.04163,0.04158,0.04162,6429.6,2026-03-23 13:15:00+00:00
1774272600000,0.04162,0.04181,0.04153,0.0418,15988.1,2026-03-23 13:30:00+00:00
1774273500000,0.0418,0.04202,0.04178,0.04202,8602.9,2026-03-23 13:45:00+00:00
1774274400000,0.04202,0.04212,0.04198,0.04201,97251.5,2026-03-23 14:00:00+00:00
1774275300000,0.04201,0.04226,0.04201,0.04215,64506.6,2026-03-23 14:15:00+00:00
1774276200000,0.04215,0.04295,0.04178,0.04192,290916.9,2026-03-23 14:30:00+00:00
1774277100000,0.04192,0.04203,0.04151,0.04201,176644.8,2026-03-23 14:45:00+00:00
1774278000000,0.04201,0.04201,0.04185,0.04186,8078.3,2026-03-23 15:00:00+00:00
1774278900000,0.04186,0.04194,0.04165,0.04194,34816.3,2026-03-23 15:15:00+00:00
1774279800000,0.04194,0.04194,0.04174,0.04178,149317.2,2026-03-23 15:30:00+00:00
1774280700000,0.04178,0.0419,0.04175,0.04178,40350.4,2026-03-23 15:45:00+00:00
1774281600000,0.04178,0.04189,0.04177,0.04188,80309.2,2026-03-23 16:00:00+00:00
1774282500000,0.04188,0.04188,0.04166,0.04169,4839.1,2026-03-23 16:15:00+00:00
1774283400000,0.04169,0.04177,0.04167,0.04167,1708.3,2026-03-23 16:30:00+00:00
1774284300000,0.04167,0.04172,0.04165,0.04167,15119.1,2026-03-23 16:45:00+00:00
1774285200000,0.04167,0.0418,0.04167,0.0418,14676.4,2026-03-23 17:00:00+00:00
1774286100000,0.0418,0.0418,0.04145,0.04145,8326.0,2026-03-23 17:15:00+00:00
1774287000000,0.04145,0.04168,0.04145,0.04164,47805.9,2026-03-23 17:30:00+00:00
1774287900000,0.04164,0.04171,0.04164,0.04171,10462.5,2026-03-23 17:45:00+00:00
1774288800000,0.04171,0.04172,0.04156,0.04159,58446.6,2026-03-23 18:00:00+00:00
1774289700000,0.04159,0.04159,0.04157,0.04157,192.6,2026-03-23 18:15:00+00:00
1774290600000,0.04157,0.04158,0.04157,0.04158,192.6,2026-03-23 18:30:00+00:00
1774291500000,0.04158,0.0417,0.04158,0.04163,7057.9,2026-03-23 18:45:00+00:00
1774292400000,0.04163,0.04175,0.04163,0.04165,13472.6,2026-03-23 19:00:00+00:00
1774293300000,0.04165,0.04178,0.04165,0.04175,3448.4,2026-03-23 19:15:00+00:00
1774294200000,0.04175,0.04179,0.04175,0.04177,4570.9,2026-03-23 19:30:00+00:00
1774295100000,0.04177,0.04177,0.04162,0.04165,127344.4,2026-03-23 19:45:00+00:00
1774296000000,0.04165,0.04165,0.04156,0.0416,8221.6,2026-03-23 20:00:00+00:00
1774296900000,0.0416,0.04166,0.04157,0.04157,2444.1,2026-03-23 20:15:00+00:00
1774297800000,0.04157,0.04169,0.04157,0.04168,9218.2,2026-03-23 20:30:00+00:00
1774298700000,0.04168,0.04175,0.04167,0.04174,12062.5,2026-03-23 20:45:00+00:00
1774299600000,0.04174,0.04174,0.04167,0.04167,10864.8,2026-03-23 21:00:00+00:00
1774300500000,0.04167,0.04193,0.04167,0.04193,11314.0,2026-03-23 21:15:00+00:00
1774301400000,0.04193,0.0421,0.04193,0.04201,389.5,2026-03-23 21:30:00+00:00
1774302300000,0.04201,0.04201,0.04192,0.04192,396.9,2026-03-23 21:45:00+00:00
1774303200000,0.04192,0.04204,0.04172,0.04178,8083.1,2026-03-23 22:00:00+00:00
1774304100000,0.04178,0.0418,0.04178,0.04179,27078.7,2026-03-23 22:15:00+00:00
1774305000000,0.04179,0.0418,0.04177,0.04177,31636.7,2026-03-23 22:30:00+00:00
1774305900000,0.04177,0.04181,0.04174,0.04174,22434.7,2026-03-23 22:45:00+00:00
1774306800000,0.04174,0.04174,0.04159,0.0416,25360.2,2026-03-23 23:00:00+00:00
1774307700000,0.0416,0.04171,0.04157,0.04171,16364.6,2026-03-23 23:15:00+00:00
1774308600000,0.04171,0.04177,0.04166,0.04172,5010.7,2026-03-23 23:30:00+00:00
1774309500000,0.04172,0.04203,0.04172,0.04203,152502.9,2026-03-23 23:45:00+00:00
1774310400000,0.04203,0.04203,0.04164,0.04164,106015.1,2026-03-24 00:00:00+00:00
1774311300000,0.04164,0.0418,0.04164,0.0418,10412.8,2026-03-24 00:15:00+00:00
1774312200000,0.0418,0.04211,0.04179,0.04191,66363.9,2026-03-24 00:30:00+00:00
1774313100000,0.04191,0.0423,0.04191,0.04219,14630.8,2026-03-24 00:45:00+00:00
1774314000000,0.04219,0.04274,0.04141,0.04154,462183.8,2026-03-24 01:00:00+00:00
1774314900000,0.04154,0.04161,0.04147,0.04161,3511.4,2026-03-24 01:15:00+00:00
1774315800000,0.04161,0.0419,0.04161,0.0417,8731.4,2026-03-24 01:30:00+00:00
1774316700000,0.0417,0.0417,0.04147,0.0415,6315.7,2026-03-24 01:45:00+00:00
1774317600000,0.0415,0.042,0.0415,0.042,3771.9,2026-03-24 02:00:00+00:00
1774318500000,0.042,0.04264,0.042,0.04258,87519.6,2026-03-24 02:15:00+00:00
1774319400000,0.04258,0.04304,0.04253,0.0428,110739.2,2026-03-24 02:30:00+00:00
1774320300000,0.0428,0.04318,0.0428,0.04302,27018.5,2026-03-24 02:45:00+00:00
1774321200000,0.04302,0.04323,0.04296,0.04303,30316.1,2026-03-24 03:00:00+00:00
1774322100000,0.04303,0.04318,0.04303,0.04316,20711.4,2026-03-24 03:15:00+00:00
1774323000000,0.04316,0.04337,0.04307,0.04307,22396.2,2026-03-24 03:30:00+00:00
1774323900000,0.04307,0.04327,0.04291,0.04323,105785.5,2026-03-24 03:45:00+00:00
1774324800000,0.04323,0.04333,0.04287,0.04326,64015.1,2026-03-24 04:00:00+00:00
1774325700000,0.04326,0.04329,0.04311,0.04315,64794.0,2026-03-24 04:15:00+00:00
1774326600000,0.04315,0.04315,0.04268,0.04272,150235.3,2026-03-24 04:30:00+00:00
1774327500000,0.04272,0.04286,0.04272,0.04285,10989.9,2026-03-24 04:45:00+00:00
1774328400000,0.04285,0.04289,0.04264,0.04279,90786.2,2026-03-24 05:00:00+00:00
1774329300000,0.04279,0.04286,0.04268,0.04276,17510.7,2026-03-24 05:15:00+00:00
1774330200000,0.04276,0.04285,0.04272,0.04282,10643.8,2026-03-24 05:30:00+00:00
1774331100000,0.04282,0.04314,0.04282,0.04314,23624.9,2026-03-24 05:45:00+00:00
1774332000000,0.04314,0.0432,0.04296,0.04306,25273.6,2026-03-24 06:00:00+00:00
1774332900000,0.04306,0.04348,0.04306,0.04315,25519.3,2026-03-24 06:15:00+00:00
1774333800000,0.04315,0.04344,0.04315,0.04327,78054.8,2026-03-24 06:30:00+00:00
1774334700000,0.04327,0.04327,0.04299,0.04308,17010.2,2026-03-24 06:45:00+00:00
1774335600000,0.04308,0.04372,0.04308,0.04361,85108.7,2026-03-24 07:00:00+00:00
1774336500000,0.04361,0.04361,0.04325,0.04356,52325.4,2026-03-24 07:15:00+00:00
1774337400000,0.04356,0.04356,0.04306,0.04306,55625.2,2026-03-24 07:30:00+00:00
1774338300000,0.04306,0.0431,0.04302,0.04304,3044.0,2026-03-24 07:45:00+00:00
1774339200000,0.04304,0.04327,0.04304,0.04319,5124.9,2026-03-24 08:00:00+00:00
1774340100000,0.04319,0.04324,0.04306,0.04316,16165.8,2026-03-24 08:15:00+00:00
1774341000000,0.04316,0.04345,0.04316,0.04343,3226.5,2026-03-24 08:30:00+00:00
1774341900000,0.04343,0.04343,0.04321,0.04321,5531.1,2026-03-24 08:45:00+00:00
1774342800000,0.04321,0.04321,0.04282,0.04282,8769.0,2026-03-24 09:00:00+00:00
1774343700000,0.04282,0.04336,0.04282,0.04336,227291.6,2026-03-24 09:15:00+00:00
1774344600000,0.04336,0.04393,0.04333,0.04363,160554.7,2026-03-24 09:30:00+00:00
1774345500000,0.04363,0.04745,0.0433,0.04685,3290758.7,2026-03-24 09:45:00+00:00
1774346400000,0.04685,0.04887,0.04625,0.04839,4105727.5,2026-03-24 10:00:00+00:00
1774347300000,0.04839,0.04926,0.04799,0.04849,4440219.9,2026-03-24 10:15:00+00:00
1774348200000,0.04849,0.05154,0.04838,0.0509,11208064.9,2026-03-24 10:30:00+00:00
1774349100000,0.0509,0.05185,0.05035,0.05126,7858825.4,2026-03-24 10:45:00+00:00
1774350000000,0.05126,0.05479,0.05115,0.05377,18379582.4,2026-03-24 11:00:00+00:00
1774350900000,0.05377,0.05624,0.05211,0.05434,26791611.1,2026-03-24 11:15:00+00:00
1774351800000,0.05434,0.05575,0.05322,0.05552,22878340.3,2026-03-24 11:30:00+00:00
1774352700000,0.05552,0.05938,0.05533,0.059,28147425.3,2026-03-24 11:45:00+00:00
1774353600000,0.059,0.06619,0.05686,0.06239,70457267.5,2026-03-24 12:00:00+00:00
1774354500000,0.06239,0.06684,0.0609,0.06201,40139992.1,2026-03-24 12:15:00+00:00
1774355400000,0.06201,0.06258,0.06006,0.06227,27498656.7,2026-03-24 12:30:00+00:00
1774356300000,0.06227,0.06339,0.06077,0.06323,24043075.2,2026-03-24 12:45:00+00:00
1774357200000,0.06323,0.06351,0.05852,0.06021,35464211.7,2026-03-24 13:00:00+00:00
1774358100000,0.06021,0.06171,0.06006,0.06079,19280588.4,2026-03-24 13:15:00+00:00
1774359000000,0.06079,0.06189,0.06013,0.06101,13026162.7,2026-03-24 13:30:00+00:00
1774359900000,0.06101,0.0632,0.06058,0.06203,19569998.5,2026-03-24 13:45:00+00:00
1774360800000,0.06203,0.06203,0.06,0.06034,19106667.4,2026-03-24 14:00:00+00:00
1774361700000,0.06034,0.06098,0.05979,0.06024,18740498.8,2026-03-24 14:15:00+00:00
1774362600000,0.06024,0.06268,0.06019,0.06229,23865445.3,2026-03-24 14:30:00+00:00
1774363500000,0.06229,0.0638,0.06146,0.06227,20439965.2,2026-03-24 14:45:00+00:00
1774364400000,0.06227,0.06233,0.06132,0.06204,15815921.9,2026-03-24 15:00:00+00:00
1774365300000,0.06204,0.06324,0.06088,0.06108,12537150.4,2026-03-24 15:15:00+00:00
1774366200000,0.06108,0.06159,0.06006,0.06103,17368447.5,2026-03-24 15:30:00+00:00
1774367100000,0.06103,0.0611,0.05936,0.06017,12598395.9,2026-03-24 15:45:00+00:00
1774368000000,0.06017,0.06069,0.05787,0.05861,18212603.3,2026-03-24 16:00:00+00:00
1774368900000,0.05861,0.05948,0.0573,0.05922,16352177.8,2026-03-24 16:15:00+00:00
1774369800000,0.05922,0.0594,0.05792,0.05826,12164720.8,2026-03-24 16:30:00+00:00
1774370700000,0.05826,0.05859,0.0577,0.05837,7197523.5,2026-03-24 16:45:00+00:00
1774371600000,0.05837,0.05847,0.05703,0.05808,8497008.9,2026-03-24 17:00:00+00:00
1774372500000,0.05808,0.05877,0.05669,0.05701,12747835.5,2026-03-24 17:15:00+00:00
1774373400000,0.05701,0.0577,0.05686,0.05754,5273601.4,2026-03-24 17:30:00+00:00
1774374300000,0.05754,0.05817,0.05686,0.05753,7686688.9,2026-03-24 17:45:00+00:00
1774375200000,0.05753,0.05865,0.05694,0.05697,9345599.5,2026-03-24 18:00:00+00:00
1774376100000,0.05697,0.0572,0.05616,0.05645,8752120.6,2026-03-24 18:15:00+00:00
1774377000000,0.05645,0.05755,0.05642,0.05722,7333687.8,2026-03-24 18:30:00+00:00
1774377900000,0.05722,0.06071,0.05717,0.0592,18218735.3,2026-03-24 18:45:00+00:00
1774378800000,0.0592,0.05923,0.05755,0.0582,9335082.5,2026-03-24 19:00:00+00:00
1774379700000,0.0582,0.05848,0.05735,0.05774,5959893.0,2026-03-24 19:15:00+00:00
1774380600000,0.05774,0.05883,0.05767,0.05788,6019744.0,2026-03-24 19:30:00+00:00
1774381500000,0.05788,0.05788,0.05697,0.05747,6430320.6,2026-03-24 19:45:00+00:00
1774382400000,0.05747,0.05875,0.05747,0.05862,9967544.6,2026-03-24 20:00:00+00:00
1774383300000,0.05862,0.05946,0.05822,0.0585,12858943.0,2026-03-24 20:15:00+00:00
1774384200000,0.0585,0.05928,0.05837,0.05886,6351721.7,2026-03-24 20:30:00+00:00
1774385100000,0.05886,0.05979,0.05882,0.05973,9308402.2,2026-03-24 20:45:00+00:00
1774386000000,0.05973,0.06049,0.05913,0.05995,13723711.9,2026-03-24 21:00:00+00:00
1774386900000,0.05995,0.06024,0.05931,0.0597,7104555.9,2026-03-24 21:15:00+00:00
1774387800000,0.0597,0.05997,0.05889,0.05979,8271902.3,2026-03-24 21:30:00+00:00
1774388700000,0.05979,0.06015,0.0594,0.05985,7013627.6,2026-03-24 21:45:00+00:00
1774389600000,0.05985,0.05985,0.05897,0.05966,5008773.9,2026-03-24 22:00:00+00:00
1774390500000,0.05966,0.0603,0.05922,0.05989,6585549.2,2026-03-24 22:15:00+00:00
1774391400000,0.05989,0.0605,0.0596,0.06008,5127292.2,2026-03-24 22:30:00+00:00
1774392300000,0.06008,0.06026,0.05973,0.06,4295700.1,2026-03-24 22:45:00+00:00
1774393200000,0.06,0.06002,0.05849,0.05857,8882544.7,2026-03-24 23:00:00+00:00
1774394100000,0.05857,0.05911,0.0585,0.05868,4234624.4,2026-03-24 23:15:00+00:00
1774395000000,0.05868,0.05955,0.05866,0.05918,3278583.0,2026-03-24 23:30:00+00:00
1774395900000,0.05918,0.05978,0.05918,0.05947,3401515.4,2026-03-24 23:45:00+00:00
1774396800000,0.05947,0.06042,0.058,0.05906,17891966.5,2026-03-25 00:00:00+00:00
1774397700000,0.05906,0.06333,0.05881,0.06294,24076039.3,2026-03-25 00:15:00+00:00
1774398600000,0.06294,0.07199,0.06262,0.07071,51222111.3,2026-03-25 00:30:00+00:00
1774399500000,0.07071,0.07551,0.06837,0.06871,46766368.5,2026-03-25 00:45:00+00:00
1774400400000,0.06871,0.06989,0.06612,0.06711,22216948.6,2026-03-25 01:00:00+00:00
1774401300000,0.06711,0.06758,0.06419,0.06466,16146470.3,2026-03-25 01:15:00+00:00
1774402200000,0.06466,0.06621,0.0645,0.06598,8859055.5,2026-03-25 01:30:00+00:00
1774403100000,0.06598,0.06765,0.06542,0.06558,9543987.2,2026-03-25 01:45:00+00:00
1774404000000,0.06558,0.067,0.06435,0.06669,12161614.5,2026-03-25 02:00:00+00:00
1774404900000,0.06669,0.06839,0.06582,0.06778,10536975.0,2026-03-25 02:15:00+00:00
1774405800000,0.06778,0.06977,0.06677,0.06688,15579372.3,2026-03-25 02:30:00+00:00
1774406700000,0.06688,0.06747,0.06608,0.06641,6358745.9,2026-03-25 02:45:00+00:00
1774407600000,0.06641,0.06729,0.06574,0.067,7303137.8,2026-03-25 03:00:00+00:00
1774408500000,0.067,0.067,0.06504,0.06544,7840597.1,2026-03-25 03:15:00+00:00
1774409400000,0.06544,0.0662,0.06446,0.0655,7961376.4,2026-03-25 03:30:00+00:00
1774410300000,0.0655,0.0661,0.06208,0.06326,13552658.2,2026-03-25 03:45:00+00:00
1774411200000,0.06326,0.06368,0.06127,0.0631,12562080.5,2026-03-25 04:00:00+00:00
1774412100000,0.0631,0.06443,0.06297,0.06407,9961852.3,2026-03-25 04:15:00+00:00
1774413000000,0.06407,0.06463,0.06332,0.06376,11374193.0,2026-03-25 04:30:00+00:00
1774413900000,0.06376,0.06404,0.06305,0.06344,9698162.5,2026-03-25 04:45:00+00:00
1774414800000,0.06344,0.06344,0.06249,0.06307,6830643.2,2026-03-25 05:00:00+00:00
1774415700000,0.06307,0.06573,0.0628,0.06506,9724717.2,2026-03-25 05:15:00+00:00
1774416600000,0.06506,0.06593,0.06434,0.06539,7815599.8,2026-03-25 05:30:00+00:00
1774417500000,0.06539,0.06638,0.0645,0.06497,10404027.9,2026-03-25 05:45:00+00:00
1774418400000,0.06497,0.06497,0.06304,0.06412,7888649.0,2026-03-25 06:00:00+00:00
1774419300000,0.06412,0.06472,0.06388,0.06423,4415408.1,2026-03-25 06:15:00+00:00
1774420200000,0.06423,0.065,0.06351,0.06396,6759474.6,2026-03-25 06:30:00+00:00
1774421100000,0.06396,0.06396,0.06287,0.06328,7368114.7,2026-03-25 06:45:00+00:00
1774422000000,0.06328,0.06416,0.06224,0.06362,8676382.1,2026-03-25 07:00:00+00:00
1774422900000,0.06362,0.06412,0.06122,0.06281,13901075.5,2026-03-25 07:15:00+00:00
1774423800000,0.06281,0.06368,0.06209,0.06275,9903664.9,2026-03-25 07:30:00+00:00
1774424700000,0.06275,0.06418,0.06225,0.06399,8133101.8,2026-03-25 07:45:00+00:00
1774425600000,0.06399,0.06732,0.06382,0.06632,30160466.9,2026-03-25 08:00:00+00:00
1774426500000,0.06632,0.06637,0.0649,0.06555,12973102.8,2026-03-25 08:15:00+00:00
1774427400000,0.06555,0.068,0.06504,0.06691,13586266.0,2026-03-25 08:30:00+00:00
1774428300000,0.06691,0.06736,0.06575,0.06619,10487898.4,2026-03-25 08:45:00+00:00
1774429200000,0.06619,0.06641,0.06517,0.06564,9942498.0,2026-03-25 09:00:00+00:00
1774430100000,0.06564,0.06678,0.0652,0.06544,6106940.2,2026-03-25 09:15:00+00:00
1774431000000,0.06544,0.06554,0.06389,0.06501,12420165.7,2026-03-25 09:30:00+00:00
1774431900000,0.06501,0.06579,0.06477,0.06559,8091825.6,2026-03-25 09:45:00+00:00
1774432800000,0.06559,0.06634,0.06514,0.0653,7192324.8,2026-03-25 10:00:00+00:00
1774433700000,0.0653,0.0656,0.06439,0.06506,6973000.7,2026-03-25 10:15:00+00:00
1774434600000,0.06506,0.06563,0.06428,0.06453,8877280.8,2026-03-25 10:30:00+00:00
1774435500000,0.06453,0.06466,0.06355,0.06445,6507155.6,2026-03-25 10:45:00+00:00
1774436400000,0.06445,0.0646,0.06331,0.06435,6172218.2,2026-03-25 11:00:00+00:00
1774437300000,0.06435,0.06444,0.06295,0.06319,6414818.7,2026-03-25 11:15:00+00:00
1774438200000,0.06319,0.06381,0.06259,0.06354,4691471.0,2026-03-25 11:30:00+00:00
1774439100000,0.06354,0.06414,0.06329,0.06372,5643884.3,2026-03-25 11:45:00+00:00
1774440000000,0.06372,0.06426,0.0631,0.06422,4219529.9,2026-03-25 12:00:00+00:00
1774440900000,0.06422,0.06485,0.06353,0.06367,7659735.3,2026-03-25 12:15:00+00:00
1774441800000,0.06367,0.06378,0.06194,0.06279,9359981.2,2026-03-25 12:30:00+00:00
1774442700000,0.06279,0.06357,0.06274,0.06357,3191913.0,2026-03-25 12:45:00+00:00
1774443600000,0.06357,0.06416,0.06299,0.0633,4738084.2,2026-03-25 13:00:00+00:00
1774444500000,0.0633,0.06376,0.06304,0.06317,3287103.4,2026-03-25 13:15:00+00:00
1774445400000,0.06317,0.06341,0.06267,0.0628,3907342.7,2026-03-25 13:30:00+00:00
1774446300000,0.0628,0.06328,0.0605,0.06132,11312866.9,2026-03-25 13:45:00+00:00
1774447200000,0.06132,0.0622,0.0596,0.06196,16156953.4,2026-03-25 14:00:00+00:00
1774448100000,0.06196,0.06208,0.06128,0.0615,5531884.1,2026-03-25 14:15:00+00:00
1774449000000,0.0615,0.06151,0.0604,0.06061,6587947.3,2026-03-25 14:30:00+00:00
1774449900000,0.06061,0.06116,0.0606,0.06107,3126831.7,2026-03-25 14:45:00+00:00
1774450800000,0.06107,0.06107,0.0602,0.06036,4792449.3,2026-03-25 15:00:00+00:00
1774451700000,0.06036,0.06055,0.05962,0.0601,7046953.1,2026-03-25 15:15:00+00:00
1774452600000,0.0601,0.06042,0.0598,0.05994,3271499.5,2026-03-25 15:30:00+00:00
1774453500000,0.05994,0.06026,0.05985,0.06005,3349099.6,2026-03-25 15:45:00+00:00
1774454400000,0.06005,0.06006,0.05911,0.05977,6053085.5,2026-03-25 16:00:00+00:00
1774455300000,0.05977,0.06091,0.05975,0.05998,6642549.3,2026-03-25 16:15:00+00:00
1774456200000,0.05998,0.06045,0.0599,0.06004,3052135.6,2026-03-25 16:30:00+00:00
1774457100000,0.06004,0.06097,0.05994,0.06069,3796917.2,2026-03-25 16:45:00+00:00
1774458000000,0.06069,0.06086,0.06023,0.06044,3539777.5,2026-03-25 17:00:00+00:00
1774458900000,0.06044,0.06104,0.06006,0.06099,2754768.2,2026-03-25 17:15:00+00:00
1774459800000,0.06099,0.06099,0.05962,0.05968,3091252.8,2026-03-25 17:30:00+00:00
1774460700000,0.05968,0.0598,0.05916,0.05916,2176782.0,2026-03-25 17:45:00+00:00
1774461600000,0.05916,0.05932,0.05832,0.05898,3261654.0,2026-03-25 18:00:00+00:00
1774462500000,0.05898,0.05935,0.05857,0.05914,2115885.8,2026-03-25 18:15:00+00:00
1774463400000,0.05914,0.05934,0.05901,0.05928,1351652.2,2026-03-25 18:30:00+00:00
1774464300000,0.05928,0.05938,0.05847,0.05861,2031300.9,2026-03-25 18:45:00+00:00
1774465200000,0.05861,0.0587,0.0572,0.05779,6366466.4,2026-03-25 19:00:00+00:00
1774466100000,0.05779,0.05855,0.05779,0.05816,2518222.1,2026-03-25 19:15:00+00:00
1774467000000,0.05816,0.05816,0.05759,0.05759,1839828.7,2026-03-25 19:30:00+00:00
1774467900000,0.05759,0.05785,0.05751,0.05755,1103659.2,2026-03-25 19:45:00+00:00
1774468800000,0.05755,0.05772,0.05682,0.05683,4304996.9,2026-03-25 20:00:00+00:00
1774469700000,0.05683,0.05725,0.05548,0.05597,5929937.7,2026-03-25 20:15:00+00:00
1774470600000,0.05597,0.05606,0.05537,0.05596,3995407.3,2026-03-25 20:30:00+00:00
1774471500000,0.05596,0.05671,0.0559,0.05657,3698277.9,2026-03-25 20:45:00+00:00
1774472400000,0.05657,0.05712,0.05619,0.0568,3656130.0,2026-03-25 21:00:00+00:00
1774473300000,0.0568,0.05687,0.05643,0.05683,1951895.2,2026-03-25 21:15:00+00:00
1774474200000,0.05683,0.05825,0.05677,0.05806,6083477.8,2026-03-25 21:30:00+00:00
1774475100000,0.05806,0.05826,0.05725,0.05791,7146207.1,2026-03-25 21:45:00+00:00
1774476000000,0.05791,0.06063,0.05788,0.0593,19685777.4,2026-03-25 22:00:00+00:00
1774476900000,0.0593,0.06017,0.05912,0.05948,7728576.8,2026-03-25 22:15:00+00:00
1774477800000,0.05948,0.06002,0.05914,0.05972,4182260.5,2026-03-25 22:30:00+00:00
1774478700000,0.05972,0.06069,0.05928,0.05969,6048520.6,2026-03-25 22:45:00+00:00
1774479600000,0.05969,0.05969,0.05799,0.05842,5981148.4,2026-03-25 23:00:00+00:00
1774480500000,0.05842,0.05848,0.05736,0.05811,5079146.4,2026-03-25 23:15:00+00:00
1774481400000,0.05811,0.05821,0.05784,0.05811,2528503.7,2026-03-25 23:30:00+00:00
1774482300000,0.05811,0.05941,0.05803,0.0588,6303385.8,2026-03-25 23:45:00+00:00
1774483200000,0.0588,0.06433,0.05811,0.06395,26093061.9,2026-03-26 00:00:00+00:00
1774484100000,0.06395,0.06594,0.06191,0.0633,21505401.8,2026-03-26 00:15:00+00:00
1774485000000,0.0633,0.06369,0.06109,0.06258,8054468.1,2026-03-26 00:30:00+00:00
1774485900000,0.06258,0.06342,0.06235,0.06282,3757090.8,2026-03-26 00:45:00+00:00
1774486800000,0.06282,0.06284,0.05992,0.06105,6982549.5,2026-03-26 01:00:00+00:00
1774487700000,0.06105,0.06206,0.06079,0.06161,2531879.5,2026-03-26 01:15:00+00:00
1774488600000,0.06161,0.06247,0.06066,0.06199,4100529.7,2026-03-26 01:30:00+00:00
1774489500000,0.06199,0.06237,0.06115,0.06199,2689607.9,2026-03-26 01:45:00+00:00
1774490400000,0.06199,0.06199,0.061,0.06151,3319733.7,2026-03-26 02:00:00+00:00
1774491300000,0.06151,0.06178,0.06041,0.06089,3130258.6,2026-03-26 02:15:00+00:00
1774492200000,0.06089,0.06163,0.06036,0.06122,2148178.7,2026-03-26 02:30:00+00:00
1774493100000,0.06122,0.06132,0.06053,0.06107,2030822.9,2026-03-26 02:45:00+00:00
1774494000000,0.06107,0.06135,0.06048,0.06076,1416843.5,2026-03-26 03:00:00+00:00
1774494900000,0.06076,0.06088,0.05917,0.05961,4018007.8,2026-03-26 03:15:00+00:00
1774495800000,0.05961,0.05966,0.05802,0.05804,5334081.7,2026-03-26 03:30:00+00:00
1774496700000,0.05804,0.05828,0.05671,0.05711,7956629.9,2026-03-26 03:45:00+00:00
1774497600000,0.05711,0.05765,0.05668,0.05718,4492385.6,2026-03-26 04:00:00+00:00
1774498500000,0.05718,0.05731,0.0565,0.05721,3441938.2,2026-03-26 04:15:00+00:00
1774499400000,0.05721,0.05729,0.05627,0.05688,2475740.4,2026-03-26 04:30:00+00:00
1774500300000,0.05688,0.05747,0.05664,0.05697,1878187.2,2026-03-26 04:45:00+00:00
1774501200000,0.05697,0.05717,0.05679,0.05699,1267939.7,2026-03-26 05:00:00+00:00
1774502100000,0.05699,0.05699,0.0565,0.05663,1884051.3,2026-03-26 05:15:00+00:00
1774503000000,0.05663,0.05684,0.05588,0.05596,2924001.5,2026-03-26 05:30:00+00:00
1774503900000,0.05596,0.0564,0.05555,0.05638,4337741.3,2026-03-26 05:45:00+00:00
1774504800000,0.05638,0.05734,0.05624,0.05689,5845411.2,2026-03-26 06:00:00+00:00
1774505700000,0.05689,0.057,0.05606,0.0565,7424207.3,2026-03-26 06:15:00+00:00
1774506600000,0.0565,0.05663,0.0558,0.05599,1889084.1,2026-03-26 06:30:00+00:00
1774507500000,0.05599,0.05607,0.05566,0.05574,1753326.4,2026-03-26 06:45:00+00:00
1774508400000,0.05574,0.05635,0.05525,0.05552,9468859.5,2026-03-26 07:00:00+00:00
1774509300000,0.05552,0.05622,0.05552,0.05614,5203697.5,2026-03-26 07:15:00+00:00
1774510200000,0.05614,0.05659,0.05582,0.05645,2896634.2,2026-03-26 07:30:00+00:00
1774511100000,0.05645,0.05875,0.05631,0.05796,9417133.2,2026-03-26 07:45:00+00:00
1774512000000,0.05796,0.05863,0.05627,0.05673,9729322.0,2026-03-26 08:00:00+00:00
1774512900000,0.05673,0.05684,0.05577,0.05616,5776274.4,2026-03-26 08:15:00+00:00
1774513800000,0.05616,0.05673,0.05607,0.05616,6983282.5,2026-03-26 08:30:00+00:00
1774514700000,0.05616,0.05626,0.05594,0.05622,2740027.1,2026-03-26 08:45:00+00:00
1774515600000,0.05622,0.05631,0.0557,0.05579,3885034.4,2026-03-26 09:00:00+00:00
1774516500000,0.05579,0.05597,0.05542,0.05583,3703980.0,2026-03-26 09:15:00+00:00
1774517400000,0.05583,0.05596,0.05506,0.05571,4093505.1,2026-03-26 09:30:00+00:00
1774518300000,0.05571,0.05581,0.05521,0.05544,1959618.7,2026-03-26 09:45:00+00:00
1774519200000,0.05544,0.05548,0.05449,0.0548,5057865.3,2026-03-26 10:00:00+00:00
1774520100000,0.0548,0.05497,0.05438,0.0545,1784359.2,2026-03-26 10:15:00+00:00
1774521000000,0.0545,0.05461,0.05429,0.05441,1798626.2,2026-03-26 10:30:00+00:00
1774521900000,0.05441,0.05441,0.05387,0.05396,3901145.6,2026-03-26 10:45:00+00:00
1774522800000,0.05396,0.05491,0.05396,0.05455,3326779.1,2026-03-26 11:00:00+00:00
1774523700000,0.05455,0.0548,0.05445,0.05447,1997814.0,2026-03-26 11:15:00+00:00
1774524600000,0.05447,0.0548,0.05398,0.05409,2735973.7,2026-03-26 11:30:00+00:00
1774525500000,0.05409,0.05467,0.05399,0.05454,1275675.7,2026-03-26 11:45:00+00:00
1774526400000,0.05454,0.05484,0.05422,0.05462,2341742.2,2026-03-26 12:00:00+00:00
1774527300000,0.05462,0.05475,0.05426,0.05465,2133019.3,2026-03-26 12:15:00+00:00
1774528200000,0.05465,0.05481,0.05409,0.05422,2687147.6,2026-03-26 12:30:00+00:00
1774529100000,0.05422,0.05437,0.05388,0.05417,2671668.3,2026-03-26 12:45:00+00:00
1774530000000,0.05417,0.05465,0.05412,0.05451,2274828.7,2026-03-26 13:00:00+00:00
1774530900000,0.05451,0.05472,0.05425,0.05441,865848.6,2026-03-26 13:15:00+00:00
1774531800000,0.05441,0.05441,0.05382,0.05425,1753877.1,2026-03-26 13:30:00+00:00
1774532700000,0.05425,0.05463,0.05403,0.05425,2783129.2,2026-03-26 13:45:00+00:00
1774533600000,0.05425,0.05459,0.05415,0.05445,999174.3,2026-03-26 14:00:00+00:00
1774534500000,0.05445,0.05451,0.05388,0.05388,1231670.7,2026-03-26 14:15:00+00:00
1774535400000,0.05388,0.05389,0.05329,0.05341,3432452.7,2026-03-26 14:30:00+00:00
1774536300000,0.05341,0.05374,0.05328,0.05365,1633199.2,2026-03-26 14:45:00+00:00
1774537200000,0.05365,0.05382,0.05343,0.05365,2062588.9,2026-03-26 15:00:00+00:00
1774538100000,0.05365,0.05397,0.05355,0.05385,2000146.5,2026-03-26 15:15:00+00:00
1774539000000,0.05385,0.05404,0.05349,0.05384,1385009.3,2026-03-26 15:30:00+00:00
1774539900000,0.05384,0.05399,0.05371,0.05378,906756.9,2026-03-26 15:45:00+00:00
1774540800000,0.05378,0.05431,0.05354,0.05415,3232895.1,2026-03-26 16:00:00+00:00
1774541700000,0.05415,0.05447,0.05365,0.05373,2021128.0,2026-03-26 16:15:00+00:00
1774542600000,0.05373,0.05386,0.0536,0.05364,1034444.3,2026-03-26 16:30:00+00:00
1774543500000,0.05364,0.05381,0.05348,0.05348,1092862.3,2026-03-26 16:45:00+00:00
1774544400000,0.05348,0.0538,0.0533,0.05357,1875865.7,2026-03-26 17:00:00+00:00
1774545300000,0.05357,0.05378,0.05353,0.05375,625797.4,2026-03-26 17:15:00+00:00
1774546200000,0.05375,0.05403,0.0537,0.05388,734835.4,2026-03-26 17:30:00+00:00
1774547100000,0.05388,0.05403,0.05366,0.05367,836056.9,2026-03-26 17:45:00+00:00
1774548000000,0.05367,0.05376,0.05344,0.05375,964842.0,2026-03-26 18:00:00+00:00
1774548900000,0.05375,0.05382,0.05337,0.05338,861983.0,2026-03-26 18:15:00+00:00
1774549800000,0.05338,0.05357,0.05332,0.05357,395553.5,2026-03-26 18:30:00+00:00
1774550700000,0.05357,0.0537,0.05347,0.05362,1063519.9,2026-03-26 18:45:00+00:00
1774551600000,0.05362,0.05363,0.05353,0.0536,198703.4,2026-03-26 19:00:00+00:00
1774552500000,0.0536,0.05362,0.05315,0.05327,1016278.5,2026-03-26 19:15:00+00:00
1774553400000,0.05327,0.05425,0.05315,0.05412,2202821.4,2026-03-26 19:30:00+00:00
1774554300000,0.05412,0.05429,0.05386,0.05395,584717.5,2026-03-26 19:45:00+00:00
1774555200000,0.05395,0.0547,0.05379,0.05442,3722735.5,2026-03-26 20:00:00+00:00
1774556100000,0.05442,0.05455,0.05415,0.05455,2071558.5,2026-03-26 20:15:00+00:00
1774557000000,0.05455,0.05487,0.05443,0.05451,1452094.5,2026-03-26 20:30:00+00:00
1774557900000,0.05451,0.05468,0.05428,0.05433,799107.0,2026-03-26 20:45:00+00:00
1774558800000,0.05433,0.05433,0.05418,0.05433,654569.6,2026-03-26 21:00:00+00:00
1774559700000,0.05433,0.05442,0.05424,0.05424,578883.0,2026-03-26 21:15:00+00:00
1774560600000,0.05424,0.0543,0.054,0.05418,495399.4,2026-03-26 21:30:00+00:00
1774561500000,0.05418,0.05436,0.0541,0.0541,927941.0,2026-03-26 21:45:00+00:00
1774562400000,0.0541,0.05442,0.05402,0.05439,1748705.4,2026-03-26 22:00:00+00:00
1774563300000,0.05439,0.05475,0.05418,0.05427,2484185.4,2026-03-26 22:15:00+00:00
1774564200000,0.05427,0.05438,0.05389,0.05395,1080030.6,2026-03-26 22:30:00+00:00
1774565100000,0.05395,0.05415,0.0539,0.05406,1043258.2,2026-03-26 22:45:00+00:00
1774566000000,0.05406,0.05446,0.05406,0.05435,2706045.2,2026-03-26 23:00:00+00:00
1774566900000,0.05435,0.05442,0.05388,0.05401,1544226.3,2026-03-26 23:15:00+00:00
1774567800000,0.05401,0.05539,0.05401,0.05502,5880159.4,2026-03-26 23:30:00+00:00
1774568700000,0.05502,0.05554,0.05445,0.05465,8567290.1,2026-03-26 23:45:00+00:00
1774569600000,0.05465,0.05776,0.05207,0.05219,24493849.3,2026-03-27 00:00:00+00:00
1774570500000,0.05219,0.0526,0.05125,0.05163,5040196.4,2026-03-27 00:15:00+00:00
1774571400000,0.05163,0.05279,0.05161,0.05229,5865208.6,2026-03-27 00:30:00+00:00
1774572300000,0.05229,0.05266,0.05214,0.05243,2840442.4,2026-03-27 00:45:00+00:00
1774573200000,0.05243,0.05243,0.05149,0.05217,4286530.7,2026-03-27 01:00:00+00:00
1774574100000,0.05217,0.05232,0.05187,0.05202,2324133.3,2026-03-27 01:15:00+00:00
1774575000000,0.05202,0.05215,0.05183,0.05195,1433601.1,2026-03-27 01:30:00+00:00
1774575900000,0.05195,0.05195,0.05118,0.05132,2525480.6,2026-03-27 01:45:00+00:00
1774576800000,0.05132,0.05132,0.05079,0.05118,2425293.1,2026-03-27 02:00:00+00:00
1774577700000,0.05118,0.0512,0.0505,0.05068,2283436.6,2026-03-27 02:15:00+00:00
1774578600000,0.05068,0.05096,0.05054,0.05076,1316595.4,2026-03-27 02:30:00+00:00
1774579500000,0.05076,0.05124,0.05066,0.05084,1750189.8,2026-03-27 02:45:00+00:00
1774580400000,0.05084,0.05111,0.05044,0.05077,4273986.8,2026-03-27 03:00:00+00:00
1774581300000,0.05077,0.05107,0.05073,0.05096,2227156.8,2026-03-27 03:15:00+00:00
1774582200000,0.05096,0.05123,0.05094,0.05113,2644346.3,2026-03-27 03:30:00+00:00
1774583100000,0.05113,0.05139,0.051,0.05114,3236413.8,2026-03-27 03:45:00+00:00
1774584000000,0.05114,0.05127,0.05076,0.05101,1511470.1,2026-03-27 04:00:00+00:00
1774584900000,0.05101,0.05156,0.05101,0.0513,3650465.1,2026-03-27 04:15:00+00:00
1774585800000,0.0513,0.05136,0.05095,0.05118,1990518.5,2026-03-27 04:30:00+00:00
1774586700000,0.05118,0.0514,0.0511,0.05139,912198.9,2026-03-27 04:45:00+00:00
1774587600000,0.05139,0.0516,0.05126,0.05149,1150212.0,2026-03-27 05:00:00+00:00
1774588500000,0.05149,0.05214,0.05149,0.0519,2620528.0,2026-03-27 05:15:00+00:00
1774589400000,0.0519,0.0519,0.05148,0.05157,517312.1,2026-03-27 05:30:00+00:00
1774590300000,0.05157,0.05157,0.05128,0.05138,665100.5,2026-03-27 05:45:00+00:00
1774591200000,0.05138,0.05153,0.05093,0.05107,2275869.4,2026-03-27 06:00:00+00:00
1774592100000,0.05107,0.05117,0.0508,0.0511,1900072.0,2026-03-27 06:15:00+00:00
1774593000000,0.0511,0.0511,0.05096,0.051,857598.5,2026-03-27 06:30:00+00:00
1774593900000,0.051,0.05125,0.0508,0.05096,758098.9,2026-03-27 06:45:00+00:00
1774594800000,0.05096,0.05116,0.05088,0.05111,985803.4,2026-03-27 07:00:00+00:00
1774595700000,0.05111,0.0512,0.05095,0.0511,717596.0,2026-03-27 07:15:00+00:00
1774596600000,0.0511,0.05116,0.05092,0.05098,506685.0,2026-03-27 07:30:00+00:00
1774597500000,0.05098,0.05134,0.05098,0.05134,616959.1,2026-03-27 07:45:00+00:00
1774598400000,0.05134,0.05145,0.05117,0.0512,899483.9,2026-03-27 08:00:00+00:00
1774599300000,0.0512,0.0512,0.05091,0.05108,698691.6,2026-03-27 08:15:00+00:00
1774600200000,0.05108,0.05108,0.05043,0.05083,1387377.5,2026-03-27 08:30:00+00:00
1774601100000,0.05083,0.05133,0.05082,0.0512,1681571.2,2026-03-27 08:45:00+00:00
1774602000000,0.0512,0.05122,0.05033,0.05059,1518858.0,2026-03-27 09:00:00+00:00
1774602900000,0.05059,0.05086,0.05049,0.05084,630640.7,2026-03-27 09:15:00+00:00
1774603800000,0.05084,0.05087,0.0506,0.05087,309173.7,2026-03-27 09:30:00+00:00
1774604700000,0.05087,0.0512,0.05082,0.0509,970515.1,2026-03-27 09:45:00+00:00
1774605600000,0.0509,0.05098,0.05077,0.05098,589348.4,2026-03-27 10:00:00+00:00
1774606500000,0.05098,0.05105,0.0509,0.05105,205457.5,2026-03-27 10:15:00+00:00
1774607400000,0.05105,0.05105,0.05026,0.05035,2306198.3,2026-03-27 10:30:00+00:00
1774608300000,0.05035,0.05035,0.04989,0.04997,2195999.8,2026-03-27 10:45:00+00:00
1774609200000,0.04997,0.05054,0.04983,0.05054,1246878.7,2026-03-27 11:00:00+00:00
1774610100000,0.05054,0.05078,0.05038,0.05041,1290842.6,2026-03-27 11:15:00+00:00
1774611000000,0.05041,0.05061,0.05035,0.05055,551962.9,2026-03-27 11:30:00+00:00
1774611900000,0.05055,0.05061,0.05019,0.05027,796675.4,2026-03-27 11:45:00+00:00
1774612800000,0.05027,0.05034,0.05004,0.0502,821485.7,2026-03-27 12:00:00+00:00
1774613700000,0.0502,0.05028,0.04999,0.05009,1061910.4,2026-03-27 12:15:00+00:00
1774614600000,0.05009,0.05011,0.04989,0.05011,481725.4,2026-03-27 12:30:00+00:00
1774615500000,0.05011,0.05013,0.04993,0.05013,550810.6,2026-03-27 12:45:00+00:00
1774616400000,0.05013,0.05073,0.05006,0.05041,1659660.0,2026-03-27 13:00:00+00:00
1774617300000,0.05041,0.05067,0.05028,0.05052,711704.8,2026-03-27 13:15:00+00:00
1774618200000,0.05052,0.05069,0.05026,0.05064,1383871.6,2026-03-27 13:30:00+00:00
1774619100000,0.05064,0.05064,0.05012,0.05022,842598.4,2026-03-27 13:45:00+00:00
1774620000000,0.05022,0.05061,0.0502,0.05061,1082566.3,2026-03-27 14:00:00+00:00
1774620900000,0.05061,0.05071,0.05009,0.0501,1482392.1,2026-03-27 14:15:00+00:00
1774621800000,0.0501,0.05025,0.04993,0.05008,1675635.4,2026-03-27 14:30:00+00:00
1774622700000,0.05008,0.05014,0.04994,0.05004,368343.9,2026-03-27 14:45:00+00:00
1774623600000,0.05004,0.05035,0.05,0.05029,623550.6,2026-03-27 15:00:00+00:00
1774624500000,0.05029,0.05074,0.05023,0.05074,1873278.8,2026-03-27 15:15:00+00:00
1774625400000,0.05074,0.05114,0.0507,0.05095,1583059.2,2026-03-27 15:30:00+00:00
1774626300000,0.05095,0.05112,0.05082,0.05084,417092.0,2026-03-27 15:45:00+00:00
1774627200000,0.05084,0.05152,0.05082,0.0512,1347433.7,2026-03-27 16:00:00+00:00
1774628100000,0.0512,0.05206,0.05119,0.05166,1533079.9,2026-03-27 16:15:00+00:00
1774629000000,0.05166,0.05222,0.05158,0.05173,1214720.5,2026-03-27 16:30:00+00:00
1774629900000,0.05173,0.05189,0.05122,0.05135,834221.5,2026-03-27 16:45:00+00:00
1774630800000,0.05135,0.05153,0.05118,0.05118,539062.0,2026-03-27 17:00:00+00:00
1774631700000,0.05118,0.0512,0.05086,0.05092,1047127.5,2026-03-27 17:15:00+00:00
1774632600000,0.05092,0.05096,0.05078,0.05085,97804.5,2026-03-27 17:30:00+00:00
1774633500000,0.05085,0.05085,0.05057,0.05065,983087.4,2026-03-27 17:45:00+00:00
1774634400000,0.05065,0.05065,0.05027,0.05029,1231659.0,2026-03-27 18:00:00+00:00
1774635300000,0.05029,0.05058,0.05029,0.05058,552144.9,2026-03-27 18:15:00+00:00
1774636200000,0.05058,0.05058,0.05041,0.05056,370862.6,2026-03-27 18:30:00+00:00
1774637100000,0.05056,0.05059,0.05041,0.05054,198239.7,2026-03-27 18:45:00+00:00
1774638000000,0.05054,0.05056,0.05036,0.05047,352609.9,2026-03-27 19:00:00+00:00
1774638900000,0.05047,0.05066,0.05047,0.05059,150502.9,2026-03-27 19:15:00+00:00
1774639800000,0.05059,0.05075,0.05052,0.05067,238834.5,2026-03-27 19:30:00+00:00
1774640700000,0.05067,0.05073,0.05049,0.05068,133144.0,2026-03-27 19:45:00+00:00
1774641600000,0.05068,0.0512,0.05062,0.05108,192483.1,2026-03-27 20:00:00+00:00
1774642500000,0.05108,0.05119,0.05096,0.05109,237185.8,2026-03-27 20:15:00+00:00
1774643400000,0.05109,0.05114,0.05092,0.05092,138023.6,2026-03-27 20:30:00+00:00
1774644300000,0.05092,0.05092,0.05071,0.05071,419979.8,2026-03-27 20:45:00+00:00
1774645200000,0.05071,0.05076,0.05064,0.05074,204153.9,2026-03-27 21:00:00+00:00
1774646100000,0.05074,0.05084,0.05063,0.05077,89407.9,2026-03-27 21:15:00+00:00
1774647000000,0.05077,0.05085,0.05065,0.05076,135907.4,2026-03-27 21:30:00+00:00
1774647900000,0.05076,0.05084,0.05062,0.05071,211147.1,2026-03-27 21:45:00+00:00
1774648800000,0.05071,0.05088,0.05065,0.05074,61353.6,2026-03-27 22:00:00+00:00
1774649700000,0.05074,0.05077,0.05059,0.05073,205721.0,2026-03-27 22:15:00+00:00
1774650600000,0.05073,0.05099,0.05069,0.05096,439864.3,2026-03-27 22:30:00+00:00
1774651500000,0.05096,0.05118,0.05088,0.05103,463408.4,2026-03-27 22:45:00+00:00
1774652400000,0.05103,0.05129,0.05103,0.05122,341261.1,2026-03-27 23:00:00+00:00
1774653300000,0.05122,0.05145,0.05095,0.05142,614363.5,2026-03-27 23:15:00+00:00
1774654200000,0.05142,0.0517,0.05121,0.05164,1651206.3,2026-03-27 23:30:00+00:00
1774655100000,0.05164,0.05183,0.05146,0.05174,329528.8,2026-03-27 23:45:00+00:00
1774656000000,0.05174,0.05174,0.0498,0.04996,2991295.5,2026-03-28 00:00:00+00:00
1774656900000,0.04996,0.05001,0.04933,0.04983,2132738.5,2026-03-28 00:15:00+00:00
1774657800000,0.04983,0.04986,0.04961,0.04985,544319.7,2026-03-28 00:30:00+00:00
1774658700000,0.04985,0.04985,0.04957,0.04979,592213.7,2026-03-28 00:45:00+00:00
1774659600000,0.04979,0.04979,0.04906,0.04909,1488231.2,2026-03-28 01:00:00+00:00
1774660500000,0.04909,0.04946,0.04894,0.04926,1218357.4,2026-03-28 01:15:00+00:00
1774661400000,0.04926,0.04926,0.04895,0.04896,643394.6,2026-03-28 01:30:00+00:00
1774662300000,0.04896,0.0493,0.04896,0.04924,644551.8,2026-03-28 01:45:00+00:00
1774663200000,0.04924,0.04944,0.04924,0.04936,839431.3,2026-03-28 02:00:00+00:00
1774664100000,0.04936,0.0496,0.04936,0.04941,894982.1,2026-03-28 02:15:00+00:00
1774665000000,0.04941,0.04959,0.04934,0.04946,574508.8,2026-03-28 02:30:00+00:00
1774665900000,0.04946,0.04946,0.04917,0.04917,164691.5,2026-03-28 02:45:00+00:00
1774666800000,0.04917,0.04989,0.04917,0.04969,943303.1,2026-03-28 03:00:00+00:00
1774667700000,0.04969,0.04984,0.04937,0.04945,605586.0,2026-03-28 03:15:00+00:00
1774668600000,0.04945,0.04978,0.0494,0.04978,447378.1,2026-03-28 03:30:00+00:00
1774669500000,0.04978,0.04987,0.04961,0.04965,326438.7,2026-03-28 03:45:00+00:00
1774670400000,0.04965,0.05155,0.04964,0.05135,1335482.7,2026-03-28 04:00:00+00:00
1774671300000,0.05135,0.0526,0.051,0.05241,3460939.1,2026-03-28 04:15:00+00:00
1774672200000,0.05241,0.05254,0.05206,0.05224,2617127.6,2026-03-28 04:30:00+00:00
1774673100000,0.05224,0.05442,0.05224,0.05426,4298706.6,2026-03-28 04:45:00+00:00
1774674000000,0.05426,0.05631,0.05279,0.05626,9789177.6,2026-03-28 05:00:00+00:00
1774674900000,0.05626,0.05705,0.05457,0.05534,7063311.1,2026-03-28 05:15:00+00:00
1774675800000,0.05534,0.05983,0.05534,0.05889,11978949.5,2026-03-28 05:30:00+00:00
1774676700000,0.05889,0.06217,0.05889,0.06158,14532476.0,2026-03-28 05:45:00+00:00
1774677600000,0.06158,0.06358,0.05957,0.06119,14200269.1,2026-03-28 06:00:00+00:00
1774678500000,0.06119,0.06289,0.06023,0.06071,8971195.3,2026-03-28 06:15:00+00:00
1774679400000,0.06071,0.06229,0.06043,0.06191,6947759.2,2026-03-28 06:30:00+00:00
1774680300000,0.06191,0.06311,0.06133,0.062,9022060.0,2026-03-28 06:45:00+00:00
1774681200000,0.062,0.06223,0.06091,0.06156,7040406.7,2026-03-28 07:00:00+00:00
1774682100000,0.06156,0.06293,0.06143,0.06183,7918978.0,2026-03-28 07:15:00+00:00
1774683000000,0.06183,0.06686,0.06183,0.06469,26099590.7,2026-03-28 07:30:00+00:00
1774683900000,0.06469,0.0659,0.0639,0.06422,6876681.2,2026-03-28 07:45:00+00:00
1774684800000,0.06422,0.06451,0.06282,0.06411,8391650.2,2026-03-28 08:00:00+00:00
1774685700000,0.06411,0.06529,0.06328,0.06496,6715036.1,2026-03-28 08:15:00+00:00
1774686600000,0.06496,0.06512,0.06374,0.06464,4614419.4,2026-03-28 08:30:00+00:00
1774687500000,0.06464,0.06519,0.06419,0.06495,6308603.6,2026-03-28 08:45:00+00:00
1774688400000,0.06495,0.06495,0.06368,0.06401,7320902.1,2026-03-28 09:00:00+00:00
1774689300000,0.06401,0.06417,0.06296,0.06302,10895401.3,2026-03-28 09:15:00+00:00
1774690200000,0.06302,0.06446,0.06298,0.064,6434258.7,2026-03-28 09:30:00+00:00
1774691100000,0.064,0.06436,0.06313,0.06369,7182555.6,2026-03-28 09:45:00+00:00
1774692000000,0.06369,0.06606,0.06275,0.06463,12406843.8,2026-03-28 10:00:00+00:00
1774692900000,0.06463,0.06589,0.0642,0.0648,7174621.4,2026-03-28 10:15:00+00:00
1774693800000,0.0648,0.06888,0.06467,0.06499,16806543.1,2026-03-28 10:30:00+00:00
1774694700000,0.06499,0.06565,0.06495,0.06538,3619750.3,2026-03-28 10:45:00+00:00
1774695600000,0.06538,0.0659,0.06437,0.06513,8322807.3,2026-03-28 11:00:00+00:00
1774696500000,0.06513,0.06513,0.06412,0.06477,7042937.0,2026-03-28 11:15:00+00:00
1774697400000,0.06477,0.065,0.06392,0.06423,6260884.5,2026-03-28 11:30:00+00:00
1774698300000,0.06423,0.06429,0.06307,0.06356,8548916.6,2026-03-28 11:45:00+00:00
1774699200000,0.06356,0.0647,0.06323,0.06456,6290638.5,2026-03-28 12:00:00+00:00
1774700100000,0.06456,0.06523,0.0637,0.064,5042901.5,2026-03-28 12:15:00+00:00
1774701000000,0.064,0.06445,0.06335,0.06398,4698585.0,2026-03-28 12:30:00+00:00
1774701900000,0.06398,0.06447,0.06212,0.06249,7016319.3,2026-03-28 12:45:00+00:00
1774702800000,0.06249,0.06278,0.06144,0.06182,9919191.6,2026-03-28 13:00:00+00:00
1774703700000,0.06182,0.06237,0.06121,0.06147,6215961.3,2026-03-28 13:15:00+00:00
1774704600000,0.06147,0.06233,0.06134,0.06197,6519947.6,2026-03-28 13:30:00+00:00
1774705500000,0.06197,0.06199,0.06075,0.06132,7697998.6,2026-03-28 13:45:00+00:00
1774706400000,0.06132,0.0621,0.06132,0.06208,5080425.9,2026-03-28 14:00:00+00:00
1774707300000,0.06208,0.06315,0.06198,0.06226,7217020.7,2026-03-28 14:15:00+00:00
1774708200000,0.06226,0.06258,0.06185,0.06199,3727530.5,2026-03-28 14:30:00+00:00
1774709100000,0.06199,0.06208,0.0615,0.06171,4135630.6,2026-03-28 14:45:00+00:00
1774710000000,0.06171,0.06224,0.06166,0.06193,3165067.6,2026-03-28 15:00:00+00:00
1774710900000,0.06193,0.06199,0.06092,0.06131,5303279.2,2026-03-28 15:15:00+00:00
1774711800000,0.06131,0.06235,0.06076,0.06199,3941800.3,2026-03-28 15:30:00+00:00
1774712700000,0.06199,0.06216,0.06151,0.06158,2602410.0,2026-03-28 15:45:00+00:00
1774713600000,0.06158,0.06212,0.06142,0.06185,3563720.7,2026-03-28 16:00:00+00:00
1774714500000,0.06185,0.06257,0.06143,0.0621,4552213.5,2026-03-28 16:15:00+00:00
1774715400000,0.0621,0.06214,0.06159,0.06181,2771523.3,2026-03-28 16:30:00+00:00
1774716300000,0.06181,0.06194,0.06122,0.06128,2211958.3,2026-03-28 16:45:00+00:00
1774717200000,0.06128,0.06194,0.06124,0.06149,2510433.1,2026-03-28 17:00:00+00:00
1774718100000,0.06149,0.06196,0.06146,0.06169,1392586.6,2026-03-28 17:15:00+00:00
1774719000000,0.06169,0.06239,0.06146,0.06222,1937712.9,2026-03-28 17:30:00+00:00
1774719900000,0.06222,0.06223,0.06136,0.06149,1257923.0,2026-03-28 17:45:00+00:00
1774720800000,0.06149,0.06188,0.06118,0.06186,2343952.8,2026-03-28 18:00:00+00:00
1774721700000,0.06186,0.06226,0.0617,0.06226,2939119.8,2026-03-28 18:15:00+00:00
1774722600000,0.06226,0.06235,0.06152,0.06173,1539263.3,2026-03-28 18:30:00+00:00
1774723500000,0.06173,0.06182,0.06141,0.06158,1419197.5,2026-03-28 18:45:00+00:00
1774724400000,0.06158,0.0617,0.06135,0.06154,1149092.9,2026-03-28 19:00:00+00:00
1774725300000,0.06154,0.06164,0.06097,0.06112,1546850.2,2026-03-28 19:15:00+00:00
1774726200000,0.06112,0.06112,0.0601,0.06021,4256192.6,2026-03-28 19:30:00+00:00
1774727100000,0.06021,0.06097,0.06021,0.06082,2142276.7,2026-03-28 19:45:00+00:00
1774728000000,0.06082,0.06096,0.06048,0.06065,2525432.5,2026-03-28 20:00:00+00:00
1774728900000,0.06065,0.06094,0.06039,0.06085,1812525.1,2026-03-28 20:15:00+00:00
1774729800000,0.06085,0.06133,0.06074,0.06094,2379803.4,2026-03-28 20:30:00+00:00
1774730700000,0.06094,0.061,0.06057,0.06086,1843615.6,2026-03-28 20:45:00+00:00
1774731600000,0.06086,0.06118,0.06068,0.06105,902950.0,2026-03-28 21:00:00+00:00
